고객ID,방문횟수,신규고객여부,장바구니이탈여부,구매횟수,광고채널,총구매금액,평균구매주기,할인사용여부,재구매여부
1,7,0,0,2,블로그,232357.72364292247,21.0,0,0
2,20,1,0,3,인스타그램,540137.035010033,19.0,1,0
3,29,0,0,2,페이스북,735949.5212830888,38.0,1,0
4,15,0,0,4,인스타그램,434240.9164861103,54.0,1,0
5,11,0,0,1,블로그,286118.89304502786,20.0,0,1
6,8,0,1,3,구글,827289.2967409941,8.0,0,1
7,29,0,0,5,인스타그램,590256.6133296799,12.0,1,1
8,21,0,0,2,유튜브,555504.8287268558,38.0,0,0
9,7,1,0,4,유튜브,461961.87156539963,50.0,0,1
10,26,0,1,2,유튜브,633802.8343714963,29.0,0,0
11,19,0,1,1,구글,552371.1128557341,19.0,1,0
12,23,0,1,3,블로그,,32.0,1,0
13,11,1,0,4,페이스북,437239.47463742783,13.0,1,1
14,11,0,0,7,블로그,,6.0,0,1
15,24,0,0,4,구글,,21.0,0,1
16,21,0,1,6,유튜브,440669.5609806334,14.0,0,0
17,4,1,1,4,블로그,730842.9784582948,13.0,1,0
18,8,0,1,1,페이스북,293167.35756773164,35.0,0,0
19,24,1,1,1,유튜브,667274.005851482,6.0,0,1
20,3,0,1,7,페이스북,340213.02926864015,28.0,1,1
21,22,0,0,4,인스타그램,142679.3854604602,23.0,0,0
22,21,0,1,3,페이스북,609319.9517178151,21.0,1,0
23,2,0,0,3,유튜브,825753.6175149565,47.0,1,1
24,24,0,0,3,인스타그램,328852.9839463944,53.0,0,1
25,12,0,0,3,유튜브,186025.818219968,14.0,0,0
26,6,1,0,1,유튜브,590982.9502160044,54.0,0,1
27,2,0,0,1,인스타그램,315365.160905601,59.0,0,1
28,28,0,0,3,페이스북,607329.3156941857,,0,0
29,21,0,0,0,구글,730295.9188407684,42.0,1,0
30,1,0,0,3,구글,566123.4991205871,52.0,0,0
31,12,0,0,3,구글,661953.6616690942,32.0,1,0
32,26,0,0,0,구글,663322.43072694,54.0,0,1
33,22,0,0,2,블로그,697989.342435726,56.0,0,0
34,29,1,0,1,구글,509042.1535114962,54.0,0,0
35,12,1,1,2,인스타그램,655815.2854787309,5.0,1,0
36,25,0,1,4,구글,532880.3492312623,7.0,0,0
37,17,0,1,4,유튜브,578264.0343870452,19.0,1,1
38,27,0,1,1,구글,1110342.263983725,56.0,1,0
39,27,0,0,3,페이스북,548320.1047171332,14.0,1,0
40,10,0,1,3,인스타그램,200448.01343932678,25.0,1,1
41,28,0,0,2,인스타그램,460516.16449647176,41.0,0,0
42,28,1,0,2,블로그,437894.8488715453,19.0,1,1
43,16,0,1,3,유튜브,447041.27964907716,27.0,1,0
44,15,0,0,2,인스타그램,690688.4852505932,18.0,1,1
45,15,0,1,3,페이스북,726118.2795328059,19.0,0,1
46,19,0,1,2,구글,478872.95146052056,14.0,1,0
47,12,0,1,1,인스타그램,221625.13029621565,13.0,0,1
48,23,0,1,0,페이스북,519819.1150366215,48.0,0,0
49,20,0,0,3,구글,391322.2515808666,43.0,1,1
50,25,1,0,4,블로그,542080.9427942638,9.0,1,0
51,3,0,0,4,인스타그램,475807.6215620177,29.0,1,1
52,5,0,0,3,인스타그램,743271.5236802172,46.0,1,0
53,19,0,1,3,페이스북,554961.6092927796,30.0,0,1
54,7,0,1,6,유튜브,391961.6711557009,12.0,0,1
55,21,0,1,4,블로그,,26.0,1,1
56,9,1,0,4,유튜브,490397.16722032195,56.0,0,0
57,7,1,0,5,인스타그램,491112.52921075607,29.0,1,0
58,18,1,0,1,유튜브,447507.85025926685,52.0,0,0
59,4,0,0,4,구글,655064.7502807132,16.0,0,0
60,25,0,1,2,블로그,223444.30179248442,13.0,1,0
61,28,0,0,4,유튜브,347491.1872920841,14.0,0,0
62,14,0,0,5,구글,510583.51989722694,52.0,1,0
63,18,1,0,2,페이스북,388098.3562090051,14.0,0,0
64,26,0,1,4,유튜브,428658.1523647173,13.0,0,0
65,9,0,1,1,블로그,487949.72642716527,30.0,1,0
66,26,0,0,2,구글,637192.9866827254,39.0,0,0
67,21,0,0,4,유튜브,479885.2692900544,31.0,1,1
68,2,0,0,1,페이스북,106063.10872963676,35.0,0,0
69,20,0,0,1,유튜브,379440.5981964573,23.0,0,0
70,28,0,1,0,구글,599156.8550600158,47.0,1,0
71,15,1,1,3,유튜브,652534.7277533109,42.0,1,0
72,28,1,0,3,블로그,663571.5756352209,10.0,0,1
73,7,0,0,4,인스타그램,720235.5339924125,19.0,1,0
74,12,0,1,2,구글,523687.4554179978,33.0,1,0
75,29,0,0,3,구글,552632.9961739294,51.0,0,1
76,8,0,1,6,구글,297218.2907480836,49.0,0,1
77,15,0,0,2,구글,65084.93744309113,58.0,1,0
78,3,0,0,2,유튜브,216483.48328442033,9.0,0,0
79,14,0,0,2,블로그,359632.4896619123,18.0,0,0
80,17,0,0,4,페이스북,,57.0,1,0
81,4,0,1,1,블로그,441414.6119879714,6.0,0,0
82,18,0,0,4,구글,407582.3478717488,27.0,1,1
83,8,1,0,3,유튜브,687565.4027804115,48.0,1,0
84,4,1,0,3,유튜브,306172.70244242635,56.0,1,1
85,2,0,0,5,구글,528116.3834367908,50.0,1,0
86,6,1,0,3,유튜브,416046.46131663193,23.0,0,0
87,22,0,0,1,구글,298684.2867346263,28.0,0,1
88,10,1,1,1,블로그,354457.70920638076,24.0,0,0
89,4,1,0,3,인스타그램,89748.05898395105,51.0,1,0
90,22,0,0,5,유튜브,649669.3653787267,31.0,0,0
91,29,0,1,4,구글,780452.2507496049,56.0,0,0
92,18,0,0,2,구글,446506.7765917765,28.0,1,0
93,26,0,1,7,유튜브,505812.4174788622,21.0,1,0
94,12,0,0,0,페이스북,440828.43191882817,29.0,0,0
95,2,0,1,4,구글,335981.74369398726,50.0,0,0
96,10,0,1,2,유튜브,640980.5720421753,59.0,1,1
97,4,1,1,3,구글,563813.665030323,35.0,1,0
98,14,1,1,1,페이스북,82426.8758758232,32.0,0,0
99,16,0,0,3,인스타그램,293077.85051817686,54.0,0,1
100,15,0,1,1,페이스북,89387.75008719484,32.0,1,1
101,8,0,0,3,블로그,811082.8690777165,26.0,1,0
102,14,0,0,6,유튜브,465634.24551085214,9.0,1,0
103,23,1,0,3,페이스북,548140.3123392558,58.0,0,1
104,28,0,0,2,인스타그램,429340.97298395523,48.0,0,0
105,25,0,0,1,구글,720539.3452580173,46.0,1,1
106,8,0,0,4,유튜브,672141.0345188868,12.0,0,1
107,21,0,0,4,페이스북,456904.1633958969,42.0,0,0
108,16,0,1,3,인스타그램,843598.6111350451,32.0,0,0
109,13,1,1,1,페이스북,537063.6284465748,51.0,1,1
110,18,0,0,4,블로그,207974.98497223563,16.0,1,0
111,15,0,0,2,유튜브,520003.747502712,29.0,1,0
112,21,0,0,4,구글,603488.1315452572,42.0,1,0
113,24,1,0,1,인스타그램,473355.0494903451,48.0,1,1
114,26,1,0,5,페이스북,417703.3909514075,19.0,1,0
115,25,0,0,3,유튜브,852872.2632459938,48.0,0,1
116,28,0,0,1,페이스북,262827.50825693435,45.0,0,1
117,28,0,1,2,유튜브,52742.76502198994,55.0,1,0
118,28,0,0,1,블로그,823810.8061859689,57.0,0,1
119,13,1,0,5,페이스북,254790.52078207047,38.0,1,0
120,9,0,0,1,블로그,442676.3923003572,49.0,0,1
121,29,0,0,3,인스타그램,,17.0,0,0
122,15,0,0,2,블로그,,12.0,1,0
123,13,0,1,3,유튜브,786971.2759253735,17.0,1,1
124,1,0,0,2,인스타그램,241524.90917896148,40.0,1,0
125,25,1,0,5,페이스북,771381.9256370801,10.0,1,1
126,7,0,1,4,페이스북,767682.0632432364,42.0,0,1
127,9,0,1,5,유튜브,503870.988184994,36.0,0,0
128,24,0,1,2,구글,686508.5110639717,25.0,1,0
129,1,0,0,3,구글,706565.9907889513,48.0,0,1
130,12,0,1,2,페이스북,449514.4297548201,48.0,0,0
131,8,0,0,1,유튜브,468486.6884899357,53.0,0,1
132,24,1,0,3,구글,617865.6094148844,11.0,0,1
133,11,0,0,1,블로그,174295.00667283777,30.0,1,1
134,19,0,0,7,페이스북,429238.6666970822,19.0,1,1
135,17,0,0,6,블로그,259928.2507393303,53.0,1,0
136,8,0,0,3,유튜브,784715.640599804,46.0,1,1
137,3,1,1,4,블로그,426883.4750995346,27.0,0,1
138,3,1,1,1,구글,555274.7446186704,56.0,0,1
139,1,0,1,1,구글,456317.61280549795,42.0,0,0
140,27,0,0,2,인스타그램,443303.1829083534,45.0,0,0
141,5,0,1,3,페이스북,542193.2575173242,19.0,0,1
142,10,0,0,3,유튜브,353871.26703957317,,0,0
143,7,0,1,1,페이스북,460303.52970648545,57.0,1,0
144,26,0,0,4,블로그,458831.4005529824,44.0,1,0
145,9,0,1,1,유튜브,415356.94002634176,20.0,1,0
146,28,0,0,3,유튜브,578211.3815490495,36.0,1,0
147,7,1,1,3,구글,410600.8135971037,41.0,0,0
148,9,0,1,1,블로그,822222.9964823914,22.0,0,0
149,8,0,0,2,구글,625792.8216081056,24.0,0,1
150,12,1,0,4,구글,230137.9890517193,50.0,0,0
151,2,0,1,2,인스타그램,610175.5888077243,6.0,0,0
152,1,0,0,0,구글,362104.06049842056,59.0,0,0
153,16,0,1,4,페이스북,,27.0,1,0
154,23,0,0,0,유튜브,353760.91187453025,34.0,1,1
155,23,1,0,2,구글,61119.22252476454,7.0,1,1
156,24,1,0,5,페이스북,495653.30141432123,50.0,0,0
157,5,0,0,1,블로그,213116.8482304081,43.0,1,0
158,3,0,1,5,유튜브,583943.0777462649,51.0,1,1
159,12,0,0,4,블로그,534956.9651613041,53.0,1,0
160,8,0,0,4,페이스북,379223.0912118839,5.0,0,0
161,22,0,0,3,블로그,865107.4076047975,45.0,1,0
162,27,1,0,6,블로그,252142.50653912395,26.0,1,0
163,3,0,1,2,블로그,375132.46974876674,33.0,0,0
164,1,1,1,4,구글,,18.0,0,0
165,3,0,0,2,구글,908263.2064518442,52.0,0,0
166,5,0,1,5,구글,770448.8283292156,32.0,1,0
167,15,0,1,3,유튜브,215575.6271339138,25.0,1,0
168,14,1,0,3,페이스북,334883.7916692819,49.0,0,0
169,3,1,1,3,구글,341668.2683089804,36.0,0,0
170,1,1,0,1,블로그,389854.59644742886,10.0,1,0
171,5,0,0,3,블로그,291443.8692333371,58.0,0,0
172,26,0,1,6,블로그,378849.79259774234,5.0,0,1
173,23,1,0,3,블로그,700974.4538119995,25.0,0,1
174,14,0,1,1,인스타그램,889382.4672157975,8.0,1,0
175,7,0,1,3,유튜브,191120.36422451533,7.0,1,0
176,27,0,0,3,페이스북,291778.5753465574,53.0,0,1
177,9,1,1,2,페이스북,542711.8888760466,34.0,1,0
178,15,1,0,3,구글,183938.87207678985,35.0,1,0
179,15,0,0,0,인스타그램,547886.404278245,38.0,0,1
180,26,1,1,8,페이스북,608020.5574259458,23.0,1,1
181,10,1,1,1,유튜브,640130.5100053949,24.0,0,0
182,28,0,0,1,블로그,602428.9052992472,27.0,1,0
183,13,0,0,3,구글,392950.2905687196,58.0,0,1
184,19,1,1,2,유튜브,463666.0877066591,44.0,1,0
185,7,0,1,2,페이스북,264094.4827713409,29.0,0,1
186,17,0,1,3,인스타그램,592867.7309275252,19.0,1,0
187,20,0,0,4,구글,820672.0534270243,42.0,0,0
188,29,1,0,3,페이스북,592440.1798134778,27.0,1,0
189,4,1,0,7,구글,360999.8528345893,56.0,0,1
190,5,1,1,3,페이스북,698958.3705398452,6.0,1,1
191,23,0,0,3,블로그,973129.3389557872,19.0,1,0
192,7,1,0,3,인스타그램,548629.954322723,56.0,0,1
193,13,1,1,5,블로그,610894.5687709335,48.0,1,0
194,15,0,0,5,페이스북,635540.2188132087,39.0,0,1
195,11,1,1,4,유튜브,179108.5468296525,14.0,1,1
196,29,0,1,4,블로그,417775.565462943,18.0,1,0
197,4,0,1,2,유튜브,397226.7156939055,31.0,0,0
198,13,0,0,6,페이스북,666973.3297791895,58.0,1,1
199,7,0,0,3,인스타그램,643673.8615788163,18.0,0,1
200,27,0,1,2,유튜브,475852.65145341045,39.0,0,0
201,19,0,1,6,페이스북,385224.3881982569,37.0,1,0
202,22,0,1,4,유튜브,162680.8080586433,56.0,1,1
203,28,1,0,3,블로그,496917.4942783476,5.0,0,0
204,2,0,1,3,페이스북,309086.3770442331,38.0,0,0
205,10,0,1,6,블로그,284299.73208437755,23.0,1,0
206,13,0,1,4,구글,,28.0,0,1
207,25,1,1,2,페이스북,664383.9590093567,46.0,1,0
208,21,0,1,1,유튜브,402281.1683801,8.0,1,0
209,6,0,1,3,구글,186191.14373847318,40.0,0,0
210,28,1,0,4,블로그,,17.0,0,1
211,28,0,0,5,블로그,698650.7922654385,36.0,1,1
212,12,0,0,6,유튜브,593543.7233952483,13.0,0,1
213,12,0,0,2,구글,405639.04051552847,43.0,1,0
214,20,1,0,4,인스타그램,511750.63537538145,20.0,1,1
215,11,0,0,4,유튜브,85035.61640863604,54.0,1,1
216,26,1,0,0,블로그,69895.12259304355,7.0,0,1
217,23,0,0,4,페이스북,895425.3041042115,56.0,0,1
218,28,1,1,5,구글,601305.2436679312,24.0,1,0
219,25,1,1,2,인스타그램,500332.41285185085,14.0,1,1
220,7,1,0,5,페이스북,420608.76319834765,26.0,1,1
221,1,0,1,4,구글,147633.20209370507,52.0,0,1
222,1,1,0,5,유튜브,698642.8254972178,7.0,1,0
223,25,0,0,2,유튜브,272622.2473739205,15.0,0,0
224,27,0,0,2,구글,640836.5290666965,29.0,1,1
225,25,0,0,0,인스타그램,526400.1531085123,46.0,1,0
226,20,1,1,4,구글,,52.0,1,0
227,13,1,1,1,페이스북,239526.73618707943,12.0,0,1
228,9,1,0,2,페이스북,242189.99906547886,13.0,1,0
229,3,0,0,3,유튜브,577986.8772625176,19.0,0,0
230,7,0,0,2,구글,515843.3648840037,36.0,1,1
231,6,1,0,2,유튜브,509433.4146526758,57.0,0,0
232,8,0,0,1,인스타그램,557208.3185027374,7.0,0,0
233,27,0,0,3,페이스북,112651.30197459162,8.0,0,0
234,9,0,1,4,블로그,703028.7679880974,34.0,1,0
235,5,0,1,6,블로그,428820.05187712854,17.0,1,0
236,1,0,0,3,구글,,48.0,1,0
237,19,0,1,2,구글,98335.19904283172,25.0,1,0
238,10,0,0,3,블로그,613805.201105486,45.0,1,0
239,12,0,0,1,구글,611915.8595588522,50.0,0,0
240,24,1,0,2,페이스북,202773.4653286686,23.0,1,1
241,15,0,1,1,인스타그램,372148.7764795727,43.0,1,0
242,27,0,1,3,인스타그램,288098.72080996016,52.0,0,1
243,22,0,1,4,유튜브,672642.5245010506,26.0,0,0
244,24,0,0,2,페이스북,561777.6965778486,24.0,0,1
245,9,1,1,2,구글,819769.7651803507,41.0,0,1
246,20,1,0,3,구글,540590.7868563931,35.0,0,0
247,17,0,1,2,유튜브,,14.0,0,0
248,17,0,0,2,유튜브,734402.1482761016,22.0,1,0
249,26,1,0,3,구글,610885.3453015455,47.0,0,1
250,20,1,0,1,구글,423163.35940964415,43.0,0,0
251,12,0,1,6,페이스북,385941.11094769277,50.0,1,1
252,7,0,0,2,유튜브,484053.31449429266,24.0,1,0
253,2,0,1,2,페이스북,659316.757962018,22.0,0,0
254,3,1,0,2,구글,346779.38762940967,15.0,1,0
255,17,0,1,4,블로그,630430.7052359396,26.0,0,1
256,5,1,1,1,블로그,564526.463662061,48.0,0,0
257,17,0,1,2,구글,249338.7753601037,22.0,0,1
258,24,0,0,4,유튜브,620707.0518380855,38.0,1,0
259,17,0,0,3,블로그,528384.2025704705,27.0,1,0
260,27,0,0,3,유튜브,389895.1577619414,5.0,1,1
261,17,0,1,3,블로그,525485.7145428538,59.0,1,1
262,2,0,0,6,유튜브,397669.7953431858,14.0,1,0
263,2,0,0,3,블로그,549534.4129379553,57.0,1,0
264,28,1,0,3,유튜브,466407.9260706895,5.0,1,1
265,22,0,0,1,페이스북,194015.15359807672,42.0,0,0
266,23,0,1,2,유튜브,472392.8756235519,43.0,0,1
267,5,1,0,4,페이스북,411463.220913838,53.0,1,0
268,1,1,1,3,페이스북,627117.270859759,13.0,1,0
269,1,1,0,3,구글,675953.6991891488,35.0,1,1
270,19,1,0,2,페이스북,398199.647633898,11.0,0,0
271,2,0,0,3,인스타그램,342120.90468284965,21.0,1,1
272,21,0,0,1,페이스북,163969.19044820784,39.0,1,1
273,12,1,0,2,유튜브,337192.57539651846,52.0,0,1
274,26,0,1,2,페이스북,435346.2451215459,41.0,1,0
275,6,0,0,3,유튜브,232147.3327691572,56.0,1,1
276,23,1,1,5,유튜브,678627.3184660439,22.0,0,1
277,4,0,0,3,인스타그램,552432.392088139,37.0,1,0
278,23,0,0,6,페이스북,475916.6571960202,8.0,0,0
279,11,0,1,2,페이스북,496665.7391209729,27.0,0,0
280,24,0,0,5,블로그,561208.9907170226,15.0,1,1
281,27,0,0,6,블로그,626618.9955739017,56.0,0,1
282,17,0,0,6,구글,661801.5273694531,13.0,0,1
283,6,1,0,3,유튜브,438173.80093738384,34.0,0,1
284,24,0,1,4,인스타그램,471613.01064314257,12.0,0,0
285,5,0,0,3,블로그,534594.0211888328,44.0,0,0
286,20,1,1,2,페이스북,463447.7344030737,9.0,0,0
287,2,1,1,5,구글,674463.4831773741,16.0,1,0
288,6,1,0,4,인스타그램,745464.4876276196,5.0,1,0
289,22,1,1,2,페이스북,,19.0,0,1
290,11,0,0,0,페이스북,318361.67174135253,29.0,0,1
291,16,0,1,0,유튜브,601680.224166415,22.0,0,0
292,16,0,0,5,유튜브,576739.8108421653,42.0,0,1
293,1,0,1,6,블로그,301591.59493650065,46.0,1,0
294,9,0,0,1,블로그,576519.9918657454,50.0,1,0
295,28,0,0,2,페이스북,391161.8962707976,57.0,1,1
296,27,1,1,5,페이스북,649218.7630154565,30.0,0,0
297,6,0,1,4,블로그,600054.10436,44.0,1,1
298,16,0,0,3,블로그,544597.3077671448,7.0,0,1
299,29,0,0,2,페이스북,507709.3467778338,58.0,1,1
300,3,0,1,0,인스타그램,73325.58533273212,26.0,1,0
301,20,0,1,4,페이스북,257144.97906853273,30.0,1,0
302,28,1,1,5,인스타그램,473839.7560420258,23.0,0,0
303,27,0,1,2,인스타그램,803876.7095607072,48.0,0,1
304,4,0,1,3,페이스북,612936.213626556,48.0,1,1
305,19,0,1,7,구글,862809.265811783,51.0,0,0
306,26,1,0,5,블로그,516597.4387308486,43.0,0,1
307,3,0,0,3,유튜브,,40.0,1,0
308,19,0,1,1,페이스북,785025.0373174079,25.0,0,0
309,20,0,1,3,인스타그램,468157.1390321303,45.0,1,1
310,7,0,0,4,페이스북,302706.0187037633,58.0,0,1
311,20,1,0,1,블로그,563350.8235234729,52.0,1,0
312,9,1,1,3,인스타그램,724502.7963984788,30.0,0,0
313,1,0,0,3,유튜브,334810.49738375813,17.0,1,0
314,8,1,0,4,유튜브,617808.7079356066,40.0,0,0
315,7,1,0,1,유튜브,481352.6982671341,28.0,1,1
316,18,1,0,2,구글,590269.9569134113,45.0,1,0
317,8,1,0,3,인스타그램,,30.0,0,0
318,1,0,0,2,인스타그램,417139.12167283456,25.0,0,0
319,11,0,0,1,구글,478762.42779029155,22.0,0,1
320,28,0,1,1,인스타그램,429354.4346532391,,0,1
321,25,1,0,3,구글,523749.6440079447,19.0,1,1
322,25,0,1,0,페이스북,330780.5597320877,10.0,0,0
323,18,1,1,3,블로그,378583.01290103525,47.0,1,1
324,23,1,0,1,유튜브,417207.9188961416,35.0,1,0
325,10,0,1,1,구글,578340.5811242778,32.0,0,1
326,3,1,0,7,구글,216893.21414236416,12.0,1,1
327,7,0,1,3,구글,478574.0730318136,33.0,0,0
328,28,0,0,2,페이스북,358358.2004892962,25.0,0,0
329,16,1,1,4,구글,417717.61726301344,21.0,0,0
330,26,0,1,4,블로그,367966.16049698065,53.0,1,0
331,16,1,0,0,블로그,538914.3961832619,28.0,0,0
332,25,1,0,3,유튜브,468577.34101622,54.0,1,1
333,20,0,1,3,페이스북,642322.0447309176,40.0,0,0
334,28,0,1,7,블로그,580346.2810833278,35.0,1,1
335,17,0,0,3,인스타그램,192590.7831219909,51.0,1,1
336,2,0,1,2,인스타그램,308000.18854093424,38.0,0,1
337,1,1,0,4,인스타그램,465378.5427751976,6.0,1,0
338,16,0,1,2,구글,491412.961199385,46.0,1,0
339,12,0,0,2,구글,325643.84605083533,7.0,0,0
340,5,0,1,3,인스타그램,760794.8741029095,34.0,0,0
341,5,0,0,0,유튜브,672937.548154447,12.0,0,1
342,27,1,0,0,유튜브,171051.83150048874,56.0,1,0
343,23,0,0,3,구글,569085.2720716969,11.0,1,0
344,9,1,0,4,인스타그램,,16.0,0,0
345,9,0,0,6,유튜브,748775.0081142522,23.0,0,1
346,3,1,0,4,구글,186023.21449127357,30.0,0,0
347,19,0,1,2,인스타그램,911970.9622480101,,1,0
348,16,0,0,2,페이스북,331410.86768000945,19.0,1,0
349,16,1,0,8,인스타그램,575705.363786405,18.0,1,0
350,3,0,0,4,인스타그램,378728.60461886623,52.0,0,1
351,20,1,0,3,블로그,424768.2162477953,18.0,0,0
352,24,0,0,1,블로그,162116.40210395172,7.0,0,1
353,22,0,0,2,페이스북,739377.3527833123,54.0,1,0
354,24,0,0,1,페이스북,446070.5295516987,33.0,0,0
355,1,1,0,3,인스타그램,459668.4174600647,58.0,0,0
356,24,0,0,4,유튜브,962496.3811032157,10.0,1,0
357,20,0,0,0,페이스북,691888.5417993175,53.0,0,1
358,11,0,0,2,인스타그램,366327.74476553616,27.0,0,0
359,17,0,0,5,구글,377948.81992710463,32.0,1,1
360,8,0,1,5,블로그,551960.2421189728,18.0,0,0
361,4,1,0,3,유튜브,654145.9827027547,18.0,0,1
362,6,1,1,1,인스타그램,850488.4099616284,24.0,0,1
363,8,1,0,3,구글,178380.12824223546,17.0,0,1
364,20,1,1,2,블로그,645403.8614708163,31.0,0,0
365,3,0,1,5,구글,677533.8622870094,39.0,1,1
366,16,1,0,1,인스타그램,342098.629732922,49.0,0,1
367,25,0,1,3,페이스북,427948.01969454373,6.0,1,0
368,3,0,0,3,블로그,173933.671088846,45.0,0,0
369,25,0,0,4,구글,399821.260869754,49.0,0,0
370,29,0,1,2,페이스북,546418.8169444884,44.0,0,0
371,18,1,1,2,유튜브,818823.4923044047,52.0,0,0
372,14,0,0,1,인스타그램,837273.0917897304,28.0,0,0
373,18,0,0,0,인스타그램,294140.0996771228,33.0,0,1
374,2,0,0,2,블로그,791571.8359713617,7.0,1,0
375,22,1,0,2,구글,110130.94895783032,49.0,0,1
376,3,0,1,1,유튜브,383014.0162863435,8.0,1,0
377,16,0,0,5,블로그,439637.9785846404,54.0,0,1
378,29,0,0,7,블로그,550357.8781508694,6.0,0,0
379,9,1,0,2,구글,521302.0681093773,24.0,0,1
380,4,0,0,2,유튜브,573139.7048436119,58.0,0,0
381,1,0,0,2,구글,463408.5148979568,57.0,1,0
382,4,0,1,1,인스타그램,691917.7376758999,,1,1
383,1,0,1,2,페이스북,638367.1274821436,53.0,0,0
384,14,0,1,2,인스타그램,442087.42571057746,36.0,0,0
385,21,0,0,5,인스타그램,668478.7380380696,46.0,1,0
386,16,1,1,0,블로그,913687.0681042159,5.0,0,1
387,20,0,1,3,인스타그램,365348.3090420662,42.0,0,0
388,24,0,1,2,유튜브,835067.3031868152,39.0,0,1
389,8,1,0,5,인스타그램,,55.0,0,0
390,7,0,0,3,유튜브,782065.1911900996,11.0,0,0
391,3,0,0,5,구글,,49.0,1,1
392,17,0,0,6,블로그,653132.485031252,17.0,1,0
393,1,0,0,3,유튜브,535926.6221195938,53.0,1,1
394,16,1,0,5,인스타그램,142948.306415222,5.0,0,0
395,12,0,0,2,블로그,883110.4744971303,18.0,1,0
396,27,1,1,0,블로그,320909.60219839064,33.0,1,0
397,19,0,0,6,유튜브,246080.1377286417,7.0,1,0
398,22,0,0,5,유튜브,372112.24386569834,50.0,0,1
399,23,0,1,3,페이스북,1006249.4466526234,28.0,1,1
400,22,0,1,6,페이스북,249257.28248397246,5.0,0,0
401,14,0,1,3,블로그,535648.7035367255,52.0,1,0
402,6,1,1,1,페이스북,275367.53473176947,14.0,0,0
403,6,0,0,0,인스타그램,309658.3523670106,17.0,0,1
404,13,1,1,2,구글,180115.48617408983,40.0,0,1
405,19,0,0,2,블로그,563033.6407596841,13.0,1,0
406,22,1,0,4,구글,467756.0297502366,18.0,0,0
407,8,1,0,5,페이스북,273726.75128534215,40.0,1,0
408,27,1,0,1,유튜브,674640.6935916883,14.0,1,1
409,27,1,0,4,블로그,695744.1430415493,44.0,1,1
410,2,1,1,3,페이스북,581443.7216361542,27.0,1,0
411,21,0,1,2,인스타그램,734133.9878348277,39.0,1,0
412,1,0,0,3,블로그,430197.9468070592,59.0,1,0
413,28,0,0,2,블로그,564474.9393168952,,0,0
414,15,1,1,3,유튜브,430970.0685423917,46.0,1,1
415,1,0,1,5,블로그,198533.37641246367,39.0,1,0
416,5,1,0,2,유튜브,543849.2801662716,6.0,0,1
417,28,0,1,5,페이스북,531735.5812748916,19.0,1,0
418,29,0,0,1,인스타그램,493961.1384115887,13.0,0,0
419,16,0,0,0,인스타그램,574775.0780486879,51.0,0,1
420,19,0,1,4,블로그,782380.486741972,21.0,0,0
421,4,0,0,6,블로그,459116.0036838652,43.0,0,1
422,3,0,0,4,페이스북,308566.2461517548,56.0,1,0
423,17,0,1,3,유튜브,450449.7981083988,22.0,1,0
424,17,0,1,5,인스타그램,472631.9933274395,19.0,1,1
425,12,0,0,2,유튜브,696717.7147896385,22.0,1,0
426,28,0,0,2,페이스북,521332.62066502386,28.0,0,0
427,29,1,0,2,인스타그램,270362.1283961519,27.0,0,1
428,14,0,1,4,인스타그램,661091.5727141784,16.0,1,0
429,21,0,0,3,구글,629025.5677587683,27.0,1,0
430,6,0,0,5,페이스북,521420.49035292293,25.0,0,1
431,3,0,1,2,페이스북,689649.292727564,30.0,1,0
432,28,0,0,2,구글,723121.4022486783,12.0,1,0
433,9,0,0,3,유튜브,424511.90194284415,34.0,1,0
434,5,0,0,3,구글,319967.75329803955,38.0,0,0
435,24,0,1,4,페이스북,497624.71605975006,6.0,0,1
436,29,0,0,1,유튜브,607322.345087166,9.0,1,0
437,17,1,0,0,인스타그램,478929.01225932786,35.0,1,0
438,14,1,1,1,구글,302315.2834488605,37.0,0,0
439,21,0,0,4,유튜브,532534.3945041439,58.0,1,0
440,3,0,0,3,유튜브,93299.86600189895,8.0,1,1
441,28,0,0,4,유튜브,435107.7855580932,10.0,0,0
442,1,0,0,1,구글,670233.1798980328,27.0,0,1
443,20,1,0,5,인스타그램,681087.6734909551,49.0,0,0
444,29,0,0,3,유튜브,251955.7853353786,23.0,0,1
445,21,0,0,4,구글,461483.1791093614,47.0,1,0
446,23,0,0,4,페이스북,619855.1590442517,49.0,0,0
447,1,1,1,4,구글,264783.5855135371,12.0,1,1
448,3,0,1,1,구글,425609.06501873437,43.0,1,0
449,18,0,1,4,구글,741543.3511819012,17.0,0,0
450,25,0,1,3,유튜브,403167.3166844513,5.0,1,0
451,10,0,0,2,구글,819728.3337810612,10.0,0,0
452,22,0,1,5,페이스북,351762.8567099969,11.0,0,1
453,26,0,0,4,유튜브,781976.0343236063,52.0,1,0
454,3,0,1,3,페이스북,506712.71097424324,31.0,1,1
455,8,0,1,4,블로그,324334.54255994724,19.0,0,0
456,14,0,1,4,구글,782642.8165838611,56.0,0,1
457,24,0,1,3,유튜브,258705.0092836898,38.0,0,0
458,18,0,0,1,유튜브,340805.5511881341,27.0,0,1
459,15,0,0,2,구글,597983.8814578959,52.0,0,0
460,22,1,0,0,인스타그램,516163.4789005232,53.0,1,0
461,23,0,0,4,인스타그램,,28.0,0,1
462,2,0,0,1,페이스북,426336.3353687519,19.0,1,0
463,27,0,1,5,구글,260121.29772716688,39.0,0,0
464,10,0,1,1,구글,369548.847389741,8.0,1,1
465,2,1,0,4,블로그,764079.8562893341,48.0,1,0
466,26,0,1,1,인스타그램,232603.82079028484,41.0,1,0
467,17,1,1,6,인스타그램,828893.4866699891,21.0,0,0
468,8,0,1,4,구글,563171.7973117084,35.0,1,1
469,1,0,1,1,페이스북,380639.0188293806,42.0,1,0
470,9,1,0,3,구글,99589.40310452838,14.0,1,1
471,11,1,1,3,페이스북,125862.88317638135,58.0,1,1
472,22,1,1,4,인스타그램,428823.22002801986,54.0,0,1
473,16,1,0,2,블로그,404591.1868484856,31.0,1,0
474,7,0,0,4,유튜브,523549.714892609,46.0,1,1
475,29,1,1,3,인스타그램,843828.8668677374,10.0,1,0
476,10,0,0,3,페이스북,607518.8032540481,10.0,1,1
477,23,1,1,2,구글,474262.24345108576,56.0,1,0
478,26,0,1,4,인스타그램,743368.8713480043,19.0,1,1
479,3,1,0,3,블로그,530130.7853478211,8.0,1,0
480,18,0,0,1,페이스북,819941.7987520358,52.0,1,0
481,25,0,1,1,구글,365582.74132652755,58.0,0,0
482,24,0,0,2,유튜브,270441.8456284803,44.0,1,0
483,13,1,0,2,페이스북,99933.54474902834,11.0,1,0
484,28,0,0,1,구글,478917.7485043183,55.0,0,0
485,26,0,0,6,유튜브,253071.69532858208,53.0,0,0
486,7,0,1,2,구글,250239.3735020635,57.0,1,1
487,25,0,0,5,유튜브,706863.8832803643,49.0,1,0
488,4,1,1,7,유튜브,155579.67506531393,51.0,0,0
489,13,0,0,5,유튜브,520711.6944994642,30.0,1,1
490,20,1,0,4,구글,483353.45794586866,35.0,1,1
491,1,0,1,3,유튜브,518426.2296663261,6.0,0,0
492,8,0,1,4,페이스북,776820.493749195,32.0,0,0
493,14,1,0,1,블로그,334861.739277823,46.0,1,0
494,16,0,0,2,블로그,776989.6974196701,17.0,1,1
495,14,0,0,4,유튜브,147958.98877058987,22.0,0,1
496,12,0,0,1,블로그,630148.207413293,34.0,0,1
497,19,1,1,4,블로그,795274.6757742217,59.0,0,0
498,23,0,0,6,유튜브,310810.0169520468,15.0,1,1
499,15,1,0,3,유튜브,492921.4149739837,17.0,0,0
500,28,1,0,1,페이스북,476653.87101678277,55.0,1,0
501,2,0,1,2,인스타그램,514369.70184108854,28.0,0,0
502,2,0,1,4,구글,842311.5841980199,33.0,1,0
503,23,0,0,3,유튜브,347273.82673428487,58.0,0,1
504,22,0,1,1,유튜브,263098.2939641023,9.0,1,1
505,19,0,0,7,블로그,515824.53655183496,39.0,1,1
506,25,0,0,2,페이스북,724862.6882612014,23.0,0,0
507,26,0,1,5,블로그,611726.9766209639,59.0,0,1
508,29,1,1,6,유튜브,506864.3993662108,17.0,1,1
509,22,1,1,1,유튜브,454153.79943756614,9.0,0,0
510,26,1,0,0,블로그,98613.93420375284,48.0,1,1
511,26,0,0,2,유튜브,617172.5057234422,18.0,0,1
512,22,0,1,3,인스타그램,641068.1165917171,42.0,0,0
513,17,0,0,5,구글,361533.28636934666,26.0,1,1
514,20,1,0,0,구글,407056.02664141747,13.0,1,1
515,10,0,0,0,구글,290354.1958079033,53.0,1,1
516,6,1,1,3,인스타그램,673624.6945578597,44.0,0,1
517,15,0,0,4,유튜브,426826.74386112456,,0,0
518,22,0,0,3,블로그,470139.06653559813,49.0,1,1
519,11,1,1,4,페이스북,625852.8232687858,9.0,0,1
520,28,0,0,3,유튜브,565394.8106858918,33.0,0,0
521,5,1,0,5,인스타그램,612656.2269534053,58.0,0,0
522,1,1,0,6,인스타그램,534967.4612070995,26.0,0,1
523,8,0,0,3,구글,539423.66702454,53.0,1,0
524,21,0,0,4,유튜브,537527.5708728507,7.0,1,1
525,28,0,0,1,구글,590583.151869802,32.0,1,1
526,12,1,1,3,페이스북,600301.4183428027,42.0,1,0
527,12,0,0,3,구글,255058.40785078972,18.0,1,0
528,5,0,1,2,페이스북,380561.1497429536,51.0,1,0
529,7,0,0,4,인스타그램,459328.3472996009,18.0,1,0
530,4,1,0,3,구글,590363.6512991098,47.0,0,1
531,6,0,0,5,구글,819484.6725652486,15.0,0,0
532,13,1,0,3,블로그,337355.3936733398,13.0,1,0
533,20,1,1,3,인스타그램,675730.3350760376,42.0,0,1
534,15,0,0,2,블로그,386210.69754391414,51.0,0,1
535,3,0,0,0,페이스북,774103.3671289309,48.0,1,0
536,23,1,1,4,페이스북,882468.7863593907,10.0,1,1
537,8,0,1,3,인스타그램,150397.2612742674,5.0,1,0
538,20,1,1,2,페이스북,,29.0,0,1
539,16,0,0,4,인스타그램,29951.063596490363,20.0,1,0
540,13,0,1,6,페이스북,162032.79508817894,56.0,1,0
541,18,1,0,4,유튜브,174494.95194925915,19.0,1,1
542,28,0,0,4,구글,624813.1949622574,38.0,0,0
543,10,0,0,2,유튜브,587396.7288654207,21.0,0,0
544,19,0,0,1,인스타그램,,7.0,0,1
545,17,0,0,1,인스타그램,621583.3036749843,7.0,0,1
546,24,0,0,1,유튜브,597012.9642932492,41.0,0,0
547,19,0,1,4,구글,522371.41026893636,21.0,0,1
548,28,1,0,3,구글,473823.9389309235,59.0,1,1
549,26,0,0,4,블로그,703919.5464089551,53.0,1,1
550,23,0,0,4,페이스북,502455.57780480775,56.0,1,0
551,26,0,1,2,블로그,605035.7963177195,42.0,0,1
552,5,1,0,6,구글,33942.93319357204,5.0,0,1
553,26,0,0,3,유튜브,264986.18382818403,11.0,0,1
554,21,1,1,1,페이스북,696044.850729053,30.0,0,0
555,23,0,1,3,유튜브,366313.0133133631,51.0,0,1
556,9,0,0,2,블로그,220928.49643351854,43.0,0,0
557,12,0,1,2,인스타그램,628258.466296274,23.0,1,1
558,21,0,1,3,유튜브,500266.86505568575,56.0,1,1
559,1,0,1,3,블로그,418612.16573728307,58.0,1,0
560,26,0,0,3,블로그,801822.1937482182,34.0,1,0
561,26,1,1,3,블로그,767486.8215830836,47.0,1,0
562,1,0,0,6,인스타그램,462432.56007698626,59.0,1,1
563,15,0,0,6,인스타그램,644475.0609638593,18.0,1,0
564,2,0,0,3,인스타그램,52259.23755228816,17.0,1,1
565,22,1,0,3,페이스북,718671.8065794557,24.0,1,1
566,16,0,0,3,인스타그램,282682.698252792,30.0,0,1
567,25,0,1,2,인스타그램,209571.61291663419,31.0,1,1
568,8,0,0,3,인스타그램,142946.99043168954,29.0,1,0
569,13,1,0,3,유튜브,127489.6220442719,13.0,1,1
570,21,0,0,3,인스타그램,716065.1081800883,45.0,0,0
571,1,0,0,1,페이스북,626228.941856971,52.0,0,0
572,16,1,1,4,블로그,346828.07147810806,16.0,1,0
573,29,1,0,1,유튜브,670979.8073476417,14.0,1,1
574,7,0,0,4,구글,381003.71415816585,10.0,0,1
575,5,1,0,2,인스타그램,564729.8882977247,54.0,1,0
576,22,0,0,2,블로그,403538.1946204215,38.0,1,1
577,29,0,0,5,블로그,476007.3742265414,56.0,0,1
578,23,0,1,4,유튜브,318360.61844647117,45.0,1,0
579,3,0,1,1,구글,348036.47423978755,23.0,0,1
580,12,0,0,1,페이스북,608819.236190525,10.0,1,0
581,26,1,1,5,블로그,640955.79335225,6.0,1,0
582,16,0,1,3,블로그,417175.1770438778,19.0,1,1
583,19,0,1,1,블로그,194891.95114629145,21.0,1,0
584,5,0,0,1,블로그,994249.4089822462,20.0,0,0
585,22,1,0,5,유튜브,507339.3316462477,32.0,1,1
586,25,0,0,4,구글,562428.1658814806,25.0,1,1
587,29,0,1,4,블로그,247734.0403174836,12.0,1,1
588,14,0,1,1,페이스북,743046.7097968865,14.0,0,0
589,28,0,0,0,페이스북,773579.052631721,14.0,0,0
590,5,1,0,4,인스타그램,158393.02847193717,54.0,0,1
591,15,1,1,2,블로그,479522.87447491643,14.0,1,0
592,17,0,1,4,블로그,463912.60587607254,13.0,0,0
593,14,1,1,1,블로그,977689.3633093683,32.0,1,0
594,20,0,1,1,블로그,788722.761425579,28.0,1,1
595,5,1,0,4,블로그,209844.3172061658,23.0,1,0
596,12,0,0,2,페이스북,354389.56409014505,37.0,1,0
597,16,0,1,1,구글,321401.1969638807,8.0,1,0
598,26,0,0,1,구글,574335.275370185,7.0,1,0
599,26,0,0,3,인스타그램,814441.7761528806,46.0,0,0
600,16,0,1,4,페이스북,521834.80651006394,16.0,1,0
601,21,0,0,2,블로그,600233.2472875656,22.0,1,0
602,7,0,1,2,구글,367138.2591313713,27.0,1,0
603,4,1,0,4,유튜브,599161.5396318942,24.0,1,0
604,1,0,1,3,유튜브,405616.433197099,10.0,0,0
605,5,0,0,1,유튜브,171848.0937338717,57.0,0,0
606,23,1,0,1,블로그,586174.1418270234,38.0,1,0
607,26,0,1,3,블로그,498029.51567767747,46.0,0,0
608,10,0,0,2,인스타그램,280560.49136304867,6.0,1,0
609,22,0,1,3,인스타그램,829077.0650207999,34.0,0,1
610,5,1,1,2,인스타그램,346709.202107657,13.0,0,0
611,4,0,0,6,유튜브,621820.262887767,31.0,0,1
612,2,0,0,7,블로그,427490.3618899672,46.0,1,0
613,20,1,0,4,유튜브,808715.4437715164,38.0,1,0
614,10,1,0,2,인스타그램,452482.4172542868,44.0,1,1
615,26,0,1,2,블로그,165074.3822779496,28.0,1,0
616,19,0,1,0,페이스북,662000.4228438189,53.0,0,0
617,26,0,1,5,구글,807908.7975379468,21.0,0,1
618,1,1,1,2,구글,414477.7204808013,33.0,1,0
619,24,0,0,4,인스타그램,635776.9619304897,40.0,1,0
620,5,0,1,4,유튜브,525886.3210097558,54.0,0,0
621,13,1,1,4,페이스북,423456.8089148977,16.0,1,1
622,4,0,1,5,블로그,668152.0755244074,35.0,1,1
623,16,0,1,3,유튜브,339992.802129535,53.0,0,0
624,24,0,0,3,인스타그램,506499.0409574234,13.0,0,0
625,16,0,1,5,유튜브,551471.3453208904,23.0,1,1
626,23,0,0,4,인스타그램,544217.8740717405,50.0,0,0
627,2,0,0,3,구글,344918.64832922607,50.0,0,0
628,17,0,0,4,구글,911921.0439937367,21.0,1,1
629,28,0,1,3,유튜브,752449.0665644225,6.0,0,0
630,27,1,1,3,페이스북,698082.5117499175,44.0,0,1
631,20,0,1,4,블로그,786642.5949955722,9.0,0,1
632,24,1,1,3,인스타그램,513752.3095474768,43.0,1,1
633,12,0,0,1,블로그,425741.9397139261,58.0,1,0
634,18,1,1,3,구글,282192.84489312046,52.0,0,0
635,3,1,0,2,페이스북,359313.6824094702,20.0,0,0
636,28,0,0,2,페이스북,297195.32393920113,21.0,1,0
637,1,1,0,4,블로그,394378.9037154987,,1,0
638,1,1,1,4,구글,555295.1252266356,31.0,1,0
639,29,0,1,1,블로그,682804.9798422814,11.0,0,0
640,19,0,0,7,유튜브,677270.7015577706,56.0,1,0
641,11,0,0,3,페이스북,265698.4709542148,12.0,1,0
642,5,1,1,2,페이스북,637825.863760601,12.0,1,0
643,12,1,0,6,유튜브,728771.4874827419,27.0,1,0
644,3,1,1,0,구글,449152.974288932,36.0,0,0
645,1,0,1,6,페이스북,739550.0055151077,47.0,1,1
646,1,1,0,3,인스타그램,675160.0520200415,51.0,0,1
647,8,0,0,3,인스타그램,247081.8114974064,22.0,0,0
648,10,0,1,5,구글,938347.237281574,42.0,1,0
649,11,0,1,5,유튜브,356870.4871700085,58.0,1,0
650,12,0,0,2,블로그,691483.9895651046,16.0,0,0
651,29,0,1,4,구글,684244.4000797168,19.0,1,0
652,13,0,0,3,블로그,255197.61967800502,32.0,0,1
653,12,0,0,6,구글,535795.8969012083,59.0,1,0
654,14,0,1,1,인스타그램,681783.2621078419,42.0,1,1
655,2,0,1,3,유튜브,253077.33840305998,54.0,0,0
656,29,0,0,5,인스타그램,519923.23196926236,35.0,0,0
657,19,0,1,3,유튜브,698534.6108737933,56.0,0,0
658,18,0,0,2,블로그,711448.1199574211,13.0,0,1
659,3,0,0,0,구글,420585.39514307235,12.0,0,0
660,23,0,0,1,페이스북,808873.843181764,50.0,1,0
661,17,0,1,4,페이스북,761104.4116702665,23.0,0,1
662,26,0,0,6,유튜브,548245.5927884801,55.0,1,0
663,8,0,0,2,유튜브,368209.7113465782,12.0,0,0
664,29,0,0,4,인스타그램,266829.6355935929,38.0,1,0
665,26,1,1,1,페이스북,575509.1322898228,8.0,0,0
666,10,0,1,1,인스타그램,792902.514211366,35.0,0,0
667,26,0,1,9,블로그,470569.4668445619,42.0,1,0
668,2,0,0,2,페이스북,328183.63125175564,7.0,0,0
669,19,0,1,2,블로그,664984.7770351991,39.0,1,0
670,9,0,0,3,구글,534902.4992367851,23.0,1,1
671,7,0,1,4,인스타그램,603180.9974397197,47.0,1,1
672,4,0,1,2,유튜브,,33.0,0,0
673,26,0,0,1,페이스북,426029.75771254685,14.0,0,0
674,21,0,1,2,인스타그램,394000.8672653739,16.0,0,0
675,18,1,0,1,유튜브,599833.824563567,50.0,1,0
676,13,1,0,0,구글,432120.8639137776,34.0,0,0
677,11,1,0,3,페이스북,618484.8725942315,34.0,0,0
678,29,1,0,2,블로그,375725.6758116059,22.0,0,1
679,24,0,0,6,구글,599500.3137269446,28.0,0,0
680,4,0,1,2,유튜브,640756.2340632189,36.0,0,1
681,25,0,0,2,페이스북,566308.5899217624,13.0,0,0
682,21,0,1,2,페이스북,683408.6893519012,51.0,0,0
683,29,1,0,6,구글,403708.70157416206,28.0,0,0
684,25,0,0,1,페이스북,638528.4265836693,30.0,0,0
685,4,1,1,4,유튜브,546669.0625681961,7.0,1,0
686,10,0,0,4,구글,338053.2306486114,27.0,0,0
687,5,1,0,2,블로그,,15.0,0,1
688,9,0,1,3,구글,161367.97430533852,14.0,0,0
689,24,0,0,0,구글,58327.69941828004,54.0,0,0
690,3,0,0,3,블로그,585225.8555136808,40.0,0,1
691,17,0,0,4,유튜브,435046.19565163576,17.0,1,1
692,3,0,1,2,인스타그램,517442.46781010495,33.0,1,1
693,16,0,1,4,인스타그램,463919.6833075964,42.0,0,0
694,4,1,1,0,블로그,,57.0,1,0
695,18,0,1,2,유튜브,622182.4800895605,17.0,0,0
696,17,0,0,4,페이스북,508580.16674715484,30.0,0,0
697,7,0,0,4,블로그,520684.08931881294,24.0,1,0
698,24,1,1,2,인스타그램,528672.9376756675,9.0,1,0
699,23,0,0,3,유튜브,778356.5903667747,24.0,1,1
700,5,0,0,4,구글,99080.29023451125,18.0,0,1
701,12,0,0,4,유튜브,365895.8210102903,49.0,0,0
702,17,0,0,3,유튜브,673052.2587046912,18.0,1,0
703,23,0,1,3,인스타그램,721580.4996550197,12.0,1,0
704,13,0,0,3,인스타그램,585440.0167036612,52.0,0,0
705,23,0,0,2,페이스북,463174.5982990925,17.0,1,0
706,25,1,0,3,페이스북,872311.9415345591,28.0,1,1
707,3,0,1,4,블로그,535562.349984755,19.0,0,0
708,9,0,0,5,구글,506157.19803525927,55.0,1,0
709,17,0,0,5,페이스북,766357.0626085913,5.0,1,0
710,17,1,1,1,인스타그램,595110.2269447363,26.0,0,1
711,20,0,1,5,유튜브,687966.0444378383,38.0,1,1
712,16,1,0,4,블로그,711394.4666799153,54.0,0,1
713,25,0,0,2,페이스북,425505.6755219806,55.0,0,0
714,22,0,0,2,유튜브,853546.3624727856,44.0,1,0
715,13,0,0,1,유튜브,7575.977814787475,7.0,1,0
716,27,1,0,3,페이스북,104068.61843854823,59.0,1,0
717,19,0,0,5,구글,363957.0755455394,30.0,1,1
718,17,1,0,1,구글,415327.88874504867,18.0,1,0
719,4,1,0,2,블로그,572524.9382870968,45.0,1,0
720,12,0,1,3,구글,362111.0924981317,12.0,0,0
721,29,0,1,3,블로그,497616.32200543524,53.0,1,0
722,9,0,1,3,인스타그램,458971.4654864416,59.0,1,0
723,19,0,0,3,페이스북,900893.0127879486,59.0,0,0
724,12,1,0,5,유튜브,339004.8681499782,20.0,1,0
725,9,1,1,4,블로그,163391.08868767036,46.0,1,0
726,7,0,0,3,구글,723800.046508021,25.0,1,1
727,28,0,0,5,블로그,357208.6866777026,14.0,0,0
728,14,1,0,4,블로그,481667.3418299509,29.0,1,0
729,20,0,1,1,구글,370764.90997472533,42.0,0,0
730,19,1,1,3,구글,647435.2196102386,26.0,0,1
731,26,0,0,3,페이스북,225145.08888905402,53.0,1,1
732,15,0,0,1,유튜브,59838.369379195035,52.0,1,0
733,16,0,1,5,페이스북,759143.2576946588,51.0,0,0
734,21,0,0,3,페이스북,549494.1621646315,58.0,0,1
735,5,0,1,2,구글,714528.883431449,50.0,1,1
736,3,0,1,3,구글,752442.3945785814,8.0,1,0
737,12,0,1,3,유튜브,316706.75724153453,8.0,1,0
738,25,1,0,3,블로그,512132.9995793464,34.0,1,0
739,20,1,0,1,페이스북,601077.6958191107,6.0,0,1
740,27,0,0,5,유튜브,478341.5855607055,33.0,0,0
741,21,0,1,1,페이스북,437569.75653284165,47.0,0,0
742,4,0,1,4,블로그,457269.7626277009,40.0,0,0
743,21,0,0,2,페이스북,716708.5742610766,25.0,0,0
744,23,0,0,3,인스타그램,448197.5609824895,25.0,0,1
745,16,0,1,4,유튜브,620045.8935206953,52.0,1,1
746,25,0,1,3,구글,569378.5607364187,25.0,0,0
747,7,0,1,8,페이스북,307163.398965978,8.0,1,1
748,13,0,0,2,유튜브,560393.8979028253,5.0,1,0
749,21,0,0,2,유튜브,192265.78541348118,30.0,1,1
750,10,1,1,1,페이스북,580286.6473888756,55.0,1,1
751,26,0,1,1,구글,,6.0,1,1
752,7,0,0,5,구글,724282.8058193844,13.0,0,1
753,14,0,0,2,페이스북,309461.9718741495,59.0,0,0
754,26,0,0,0,유튜브,392769.1857206288,49.0,0,1
755,5,1,0,2,구글,556813.0414129045,22.0,0,0
756,3,0,0,5,페이스북,404815.03769291105,52.0,1,0
757,23,1,1,4,페이스북,114224.6034407983,52.0,1,0
758,29,0,0,4,페이스북,391660.70524871076,46.0,1,0
759,11,0,1,4,유튜브,556040.3276481255,45.0,0,1
760,11,1,0,4,구글,713505.6629280965,15.0,1,0
761,18,0,1,1,유튜브,837841.6990452425,29.0,0,1
762,15,0,1,3,인스타그램,524989.5668580154,30.0,1,1
763,12,0,0,1,구글,613298.8972795582,40.0,0,1
764,9,0,0,4,유튜브,692156.7982627582,46.0,0,0
765,10,1,0,4,구글,89888.10187664977,39.0,0,0
766,26,0,0,3,인스타그램,296156.7816980932,42.0,1,0
767,12,0,1,3,블로그,520512.4407145036,7.0,0,0
768,17,0,1,3,페이스북,811188.9736439562,45.0,0,1
769,29,0,0,4,유튜브,625952.1463747304,39.0,1,1
770,6,0,0,2,인스타그램,565939.9209178032,54.0,1,0
771,7,0,0,3,인스타그램,454377.59229102003,44.0,0,1
772,14,0,1,4,구글,585358.8261247013,26.0,1,0
773,13,1,0,5,구글,380711.8796935616,12.0,0,0
774,8,0,0,2,페이스북,344034.1440936014,19.0,0,0
775,10,0,1,2,구글,361412.60028160375,49.0,0,0
776,9,1,1,1,유튜브,768096.302234589,11.0,0,1
777,18,0,0,2,유튜브,331949.5858409442,23.0,1,1
778,27,0,1,4,유튜브,420244.582433776,44.0,1,1
779,26,0,0,2,블로그,594202.2463651117,46.0,0,0
780,2,0,0,2,유튜브,323963.0294961557,21.0,1,0
781,5,0,1,4,구글,545232.7824648388,5.0,1,0
782,29,1,1,3,구글,,49.0,0,1
783,5,0,0,4,유튜브,375109.1782480223,33.0,0,0
784,6,0,0,1,인스타그램,448243.9559325557,17.0,1,0
785,19,1,0,3,인스타그램,311284.7420143341,52.0,1,1
786,8,0,0,6,인스타그램,,33.0,1,1
787,16,0,0,3,페이스북,551518.7721247709,45.0,1,1
788,13,0,0,1,블로그,290271.3842388805,46.0,0,1
789,1,1,0,3,유튜브,525263.6166067339,10.0,1,0
790,22,0,1,6,페이스북,534318.8324129822,9.0,0,0
791,20,0,1,4,인스타그램,51352.03125215409,38.0,1,0
792,17,0,1,4,유튜브,768088.8088685889,15.0,1,0
793,7,0,0,1,페이스북,302078.3775437082,13.0,0,0
794,25,0,1,5,구글,918042.9374274337,42.0,0,0
795,13,0,1,0,인스타그램,659058.1521941331,44.0,1,1
796,4,1,1,5,페이스북,274634.05200655083,45.0,0,0
797,4,0,1,2,구글,437149.8758400248,13.0,1,0
798,6,0,1,0,인스타그램,684523.6321107097,12.0,1,1
799,28,1,0,3,블로그,452449.4523889108,48.0,1,0
800,19,1,0,6,인스타그램,735647.4668837189,44.0,0,1
801,29,0,1,3,블로그,424786.2384443763,7.0,1,1
802,12,0,1,2,블로그,484266.95342749194,17.0,1,1
803,22,0,1,2,블로그,690030.006042167,23.0,1,0
804,7,1,0,2,유튜브,620678.1986359975,38.0,1,1
805,27,1,0,3,유튜브,314954.51250418933,36.0,1,0
806,10,0,0,7,블로그,586810.3272822194,53.0,1,1
807,26,1,1,0,구글,533489.6221328618,20.0,0,0
808,19,0,0,3,블로그,317653.3144726679,40.0,1,0
809,7,0,0,3,페이스북,221904.60131188214,22.0,0,1
810,3,0,0,4,블로그,113723.26701146242,18.0,0,0
811,13,1,0,3,유튜브,441115.18303389073,34.0,0,1
812,13,0,1,3,유튜브,489198.67945049395,6.0,1,0
813,18,1,1,3,페이스북,600915.6112375314,17.0,1,1
814,28,1,1,3,페이스북,664095.7239166193,31.0,1,1
815,26,1,0,7,인스타그램,417228.2313781291,57.0,0,0
816,20,0,1,2,구글,483385.7305918266,56.0,0,0
817,28,0,0,2,구글,348255.53580279404,21.0,0,1
818,8,0,1,3,구글,517447.6841612314,35.0,1,1
819,29,0,0,3,유튜브,693701.7363276555,19.0,0,0
820,9,0,0,4,구글,520228.568289163,24.0,0,1
821,7,1,1,2,인스타그램,732665.0800017064,9.0,0,0
822,1,0,1,3,인스타그램,690356.3320647248,11.0,1,0
823,3,0,0,3,구글,791539.56706265,22.0,1,0
824,13,0,1,3,페이스북,525846.4864054153,15.0,1,1
825,28,0,0,2,인스타그램,393513.96502850554,36.0,0,1
826,25,0,0,3,페이스북,624246.7045511913,54.0,0,0
827,28,0,0,1,유튜브,425419.40062969807,31.0,0,0
828,17,1,0,5,인스타그램,617970.3278649285,30.0,0,1
829,25,0,0,4,페이스북,367439.3386232718,41.0,0,0
830,24,1,0,3,구글,334318.82960715913,49.0,0,1
831,1,1,0,4,유튜브,743289.1966994968,32.0,0,0
832,6,0,1,3,블로그,297485.11383713584,54.0,0,0
833,21,1,0,3,블로그,704449.5557552064,6.0,0,0
834,6,0,1,4,구글,617206.1940318891,24.0,1,1
835,26,1,0,3,유튜브,518859.5135117536,8.0,1,1
836,12,0,1,4,유튜브,121471.02951307403,17.0,1,0
837,13,1,0,2,유튜브,,28.0,0,0
838,13,1,0,5,유튜브,313032.0662855177,52.0,0,0
839,29,1,0,4,블로그,690630.7243758349,42.0,1,1
840,15,1,0,2,페이스북,361811.83969122125,44.0,0,1
841,21,0,0,3,유튜브,345767.3574563033,52.0,1,1
842,16,0,1,4,페이스북,,49.0,1,1
843,22,0,1,4,유튜브,607693.0073555463,59.0,1,1
844,21,0,1,4,인스타그램,270980.49056126154,33.0,1,0
845,11,0,1,5,인스타그램,787351.8241075586,40.0,1,0
846,28,0,0,2,인스타그램,458790.8669247853,6.0,1,1
847,5,1,0,3,유튜브,513785.7334078719,45.0,0,0
848,4,0,0,3,페이스북,440584.4752067441,22.0,0,0
849,3,1,0,3,블로그,279447.21779449005,53.0,0,0
850,19,0,0,2,구글,,12.0,0,0
851,20,1,0,3,블로그,557910.1390056411,19.0,0,0
852,25,1,0,2,유튜브,338983.0311108381,45.0,0,0
853,18,0,0,6,인스타그램,688826.6659886518,21.0,1,0
854,15,0,1,4,인스타그램,510967.3882508012,27.0,0,0
855,9,1,1,2,페이스북,515275.4033220139,6.0,0,0
856,17,0,0,1,유튜브,855303.7382182281,10.0,0,1
857,14,0,1,4,블로그,178400.04169660696,33.0,1,0
858,15,0,1,4,유튜브,175759.21808580979,31.0,0,1
859,1,0,0,2,유튜브,220798.98683191213,41.0,1,1
860,21,0,0,6,인스타그램,572726.6466323065,53.0,1,1
861,22,0,0,3,블로그,428191.2833999445,38.0,1,1
862,22,0,1,0,구글,444090.70952121617,22.0,0,0
863,3,0,1,3,인스타그램,311516.7176766695,46.0,0,0
864,16,1,0,1,블로그,833050.2547643397,14.0,1,1
865,23,0,0,2,페이스북,900203.5940145772,42.0,0,0
866,25,1,0,3,인스타그램,679780.9125563074,48.0,0,0
867,11,0,0,2,페이스북,198542.86543111427,21.0,0,0
868,12,0,0,3,인스타그램,402620.6285021551,17.0,1,1
869,10,0,1,3,유튜브,665492.2269239433,56.0,0,0
870,16,0,1,2,블로그,490834.1304477238,52.0,1,0
871,8,0,1,5,페이스북,680444.0891135163,46.0,0,1
872,6,0,1,1,인스타그램,749563.0745156659,31.0,1,1
873,12,0,1,3,페이스북,881439.1453384403,57.0,1,0
874,24,0,0,3,인스타그램,369026.9682687947,6.0,0,1
875,28,0,1,3,인스타그램,516256.9894063268,38.0,0,0
876,21,0,0,4,구글,411847.33764044696,35.0,0,1
877,8,0,1,4,구글,99843.55200732028,27.0,0,0
878,26,1,0,1,구글,640317.54621144,11.0,1,0
879,28,0,1,4,페이스북,612688.3602502819,42.0,0,1
880,4,0,0,2,유튜브,390634.7693789309,37.0,1,0
881,26,1,0,1,인스타그램,180388.901614221,16.0,0,0
882,8,0,0,3,블로그,423175.34819809993,49.0,0,1
883,26,0,0,4,구글,646225.3310022226,16.0,1,0
884,28,1,1,0,페이스북,767466.5760228847,23.0,1,1
885,18,0,1,4,페이스북,357484.2674265345,13.0,0,0
886,28,0,0,3,페이스북,721539.2705315122,14.0,1,0
887,28,0,0,4,블로그,624494.1832377493,21.0,0,1
888,5,0,0,0,블로그,582646.8161569337,54.0,1,0
889,9,0,0,2,구글,241289.57085135774,44.0,0,0
890,4,0,0,6,블로그,249980.90468535872,43.0,0,0
891,27,0,1,4,구글,333842.8073799177,45.0,1,1
892,22,0,0,4,블로그,434722.4964080056,14.0,0,0
893,17,1,0,2,블로그,860149.2138472239,16.0,0,0
894,9,1,0,1,블로그,367552.97991989274,19.0,0,0
895,1,0,0,2,구글,654250.2828502423,35.0,1,0
896,21,0,0,3,인스타그램,407047.3523769326,19.0,1,0
897,20,0,1,2,구글,594541.4625738692,32.0,1,1
898,13,0,0,4,인스타그램,487403.76684243226,8.0,0,1
899,28,0,0,3,페이스북,535404.6257987566,40.0,1,0
900,16,0,0,3,페이스북,573922.9591800033,59.0,0,0
901,29,1,0,1,구글,450108.538925977,5.0,0,1
902,13,0,0,3,인스타그램,574892.8081394318,48.0,1,0
903,14,0,1,4,인스타그램,,38.0,0,0
904,3,0,1,3,인스타그램,349176.91692853824,51.0,0,1
905,29,0,0,2,페이스북,737173.1645865123,21.0,1,1
906,6,1,0,2,구글,446959.3988719382,43.0,1,0
907,18,1,0,4,유튜브,425801.53987907514,42.0,0,0
908,19,1,0,1,인스타그램,639911.8722722147,48.0,0,0
909,5,0,1,4,인스타그램,431768.1633783543,55.0,1,0
910,15,0,1,1,유튜브,563833.8501129834,37.0,0,1
911,25,0,0,2,구글,545149.581522265,25.0,0,0
912,2,0,0,1,인스타그램,83302.56294357934,30.0,0,1
913,10,0,0,1,구글,583517.0164206864,50.0,1,0
914,24,1,1,2,인스타그램,211779.65973350563,40.0,0,0
915,18,0,1,4,블로그,227023.68504685,9.0,0,0
916,27,0,0,3,인스타그램,573292.7491124953,37.0,0,1
917,13,0,0,4,블로그,607317.9534632561,5.0,0,1
918,5,0,1,2,구글,741009.8913677813,57.0,0,0
919,23,0,0,3,인스타그램,282126.4824871489,10.0,1,0
920,24,1,0,5,페이스북,351744.19914485316,41.0,1,1
921,1,1,0,5,페이스북,592873.1587688712,6.0,0,0
922,22,1,1,3,유튜브,744855.4918711465,57.0,1,0
923,1,0,0,4,페이스북,538434.9584126357,9.0,0,0
924,18,0,0,4,블로그,324400.2101524058,30.0,1,0
925,15,0,1,3,페이스북,801283.4047162302,45.0,0,1
926,17,0,0,2,페이스북,447526.6939537835,55.0,1,0
927,11,1,0,3,페이스북,453759.8749472189,57.0,0,1
928,21,0,0,3,인스타그램,212830.5221583193,51.0,1,1
929,26,0,0,5,유튜브,644817.5349893083,17.0,1,1
930,25,0,1,3,구글,670521.1178761178,16.0,0,0
931,22,0,0,2,유튜브,358833.79732197104,9.0,0,0
932,27,1,0,4,블로그,850241.4118111329,6.0,0,0
933,27,0,0,4,인스타그램,382574.32255553093,8.0,1,0
934,17,0,1,1,인스타그램,,31.0,0,1
935,13,0,1,5,페이스북,544729.8410584419,54.0,1,1
936,1,0,0,2,페이스북,,57.0,1,1
937,2,1,0,1,블로그,608780.6967089666,14.0,0,0
938,9,1,1,2,인스타그램,590824.929234051,17.0,0,0
939,3,1,0,5,구글,146723.46721104393,48.0,1,0
940,1,1,1,4,유튜브,805066.6547399085,6.0,1,1
941,21,0,1,5,인스타그램,591637.685972289,30.0,1,0
942,16,0,1,4,구글,747880.2266842602,19.0,0,0
943,23,0,0,1,구글,156778.55744577484,50.0,0,0
944,6,0,0,2,유튜브,417913.5407435336,14.0,1,1
945,28,1,1,1,구글,736120.5012003,26.0,1,1
946,17,0,0,4,블로그,186341.728807159,44.0,1,1
947,5,1,0,2,구글,423777.9690292012,29.0,0,1
948,5,0,1,2,블로그,581300.3145121187,19.0,0,0
949,6,0,1,3,구글,121083.93404824636,17.0,0,0
950,3,0,0,4,페이스북,235722.04866717942,12.0,1,0
951,21,1,0,2,구글,776416.846999516,25.0,0,0
952,23,0,0,3,블로그,511958.9212580317,25.0,1,1
953,5,0,1,4,구글,735340.0187318753,26.0,1,0
954,21,0,1,2,구글,536419.1191789696,50.0,0,0
955,5,0,0,3,구글,991179.2873989692,37.0,0,0
956,10,0,0,2,블로그,587746.4566390689,49.0,1,0
957,10,1,1,5,구글,753955.7880869799,31.0,0,1
958,19,0,0,7,유튜브,450782.7127019385,44.0,0,0
959,17,0,0,4,유튜브,542145.9216836677,54.0,0,0
960,21,0,1,2,블로그,628374.155485805,26.0,1,0
961,14,0,0,0,페이스북,,34.0,1,0
962,9,1,1,3,유튜브,492201.81272279494,13.0,1,0
963,14,0,0,3,인스타그램,500548.87793838955,49.0,1,0
964,1,0,0,2,유튜브,600383.9516081,,1,1
965,19,0,1,1,인스타그램,600252.6244300413,22.0,1,0
966,13,1,0,7,블로그,294988.3204821921,46.0,1,0
967,13,1,1,4,페이스북,544992.2303365474,9.0,0,1
968,4,0,0,7,인스타그램,,31.0,0,0
969,1,0,0,4,인스타그램,304736.36853936897,10.0,1,0
970,17,0,0,2,유튜브,681185.3665817389,36.0,1,1
971,8,1,0,2,인스타그램,,12.0,0,1
972,2,0,0,4,블로그,966129.8626938285,43.0,1,1
973,28,0,0,2,블로그,494797.2975191231,25.0,0,0
974,8,0,0,5,블로그,727222.2168065431,22.0,0,0
975,7,0,0,4,유튜브,607825.1143061772,18.0,1,0
976,26,0,1,0,페이스북,884287.9053106573,19.0,0,0
977,26,1,1,0,유튜브,306003.8485128789,46.0,1,1
978,2,0,1,4,블로그,400937.1990399752,30.0,0,0
979,22,0,0,2,유튜브,312858.5097061498,57.0,0,0
980,22,0,0,2,블로그,484416.47895202803,48.0,1,1
981,3,1,1,5,구글,275055.1383584997,36.0,1,1
982,27,0,0,3,구글,194783.21854895743,43.0,0,1
983,18,1,0,4,인스타그램,73315.29935624561,32.0,1,1
984,12,0,1,0,페이스북,60506.078200656455,43.0,1,0
985,1,0,1,2,구글,,47.0,0,1
986,22,0,0,3,블로그,408912.35006545257,36.0,0,0
987,12,0,0,3,유튜브,,17.0,1,0
988,5,0,1,2,유튜브,368184.0736575462,19.0,1,1
989,27,1,0,3,인스타그램,394419.410592171,22.0,0,1
990,25,0,1,2,유튜브,307079.95796855644,43.0,0,1
991,17,0,1,2,구글,821110.0988474544,10.0,0,1
992,16,0,1,4,유튜브,783365.7805628546,59.0,0,1
993,15,1,0,4,구글,817697.9697223878,15.0,1,0
994,23,1,0,1,구글,535839.2775376224,36.0,1,1
995,15,0,1,4,페이스북,,44.0,0,1
996,5,1,1,1,인스타그램,369477.1885230066,24.0,1,1
997,21,0,1,5,블로그,330585.77875425544,37.0,1,0
998,14,0,0,1,구글,504345.11635084095,44.0,1,0
999,2,1,0,4,인스타그램,630471.205029337,12.0,1,1
1000,11,1,1,3,블로그,739153.6303718794,55.0,1,0
1001,19,0,1,2,유튜브,390802.1713865979,39.0,1,0
1002,7,0,1,2,인스타그램,249453.23024592412,9.0,0,0
1003,6,0,1,1,인스타그램,646796.9973132545,39.0,0,0
1004,28,1,0,2,인스타그램,136371.28969415784,51.0,1,1
1005,2,0,1,1,유튜브,492157.88620227884,18.0,0,0
1006,6,0,1,3,유튜브,517860.9251626753,25.0,0,1
1007,18,0,0,1,인스타그램,424242.43975321646,51.0,0,0
1008,2,0,1,1,페이스북,190950.9782980875,28.0,1,0
1009,18,0,0,2,구글,426877.7981957565,21.0,1,0
1010,15,1,0,5,유튜브,828508.4902003235,22.0,0,1
1011,27,0,1,6,페이스북,618344.3202732832,38.0,0,0
1012,19,0,0,2,유튜브,732342.9204059038,16.0,1,1
1013,2,0,0,3,인스타그램,256559.63456354852,20.0,0,1
1014,20,1,0,5,페이스북,551141.5864554637,8.0,1,1
1015,25,0,0,5,블로그,517668.0703399126,29.0,0,1
1016,6,0,0,0,구글,521541.09026062477,38.0,1,0
1017,1,1,0,3,구글,611169.186549096,32.0,1,0
1018,24,1,1,3,유튜브,,50.0,1,0
1019,15,1,0,1,구글,262108.18530011526,15.0,1,0
1020,28,1,0,1,블로그,622650.8097970794,17.0,0,1
1021,23,0,0,0,페이스북,668176.8559461031,35.0,0,1
1022,10,1,1,3,페이스북,763895.7941252878,29.0,1,0
1023,19,0,0,2,인스타그램,772730.5687835198,43.0,1,0
1024,17,1,1,1,페이스북,595286.6133714782,14.0,0,1
1025,5,1,1,6,유튜브,271432.5783805527,28.0,1,0
1026,29,1,1,0,블로그,194123.23315708071,5.0,1,1
1027,4,0,0,1,인스타그램,454581.278711992,57.0,1,0
1028,10,0,1,3,유튜브,683894.1949054025,29.0,1,0
1029,24,0,0,2,유튜브,671007.013639514,32.0,1,1
1030,17,1,1,2,유튜브,554799.8524526359,40.0,1,0
1031,10,1,1,6,구글,492688.1522417564,22.0,1,1
1032,17,0,0,3,유튜브,880747.0448399361,10.0,1,1
1033,28,0,0,1,구글,614806.375176227,6.0,1,1
1034,20,0,0,3,페이스북,482545.38462143426,7.0,0,1
1035,24,1,1,4,구글,370911.79526672757,50.0,0,0
1036,5,1,0,0,유튜브,298278.93645815324,12.0,0,1
1037,2,0,0,2,블로그,278587.1970819711,35.0,1,1
1038,6,0,0,1,블로그,298301.3154365257,52.0,1,1
1039,21,1,1,3,페이스북,556190.4226517526,23.0,1,1
1040,2,1,1,5,유튜브,496386.0678938249,54.0,1,1
1041,13,0,1,4,구글,434817.0475419082,10.0,0,0
1042,11,0,1,2,블로그,647295.5870203912,18.0,0,1
1043,11,0,0,3,인스타그램,861834.9868344985,7.0,1,1
1044,16,0,0,3,유튜브,335330.6127424,52.0,0,1
1045,11,0,1,5,유튜브,365142.7913562828,5.0,0,0
1046,19,0,0,1,인스타그램,56589.521657307865,48.0,1,1
1047,15,1,0,4,블로그,494733.8329060595,34.0,0,0
1048,25,0,0,0,인스타그램,474475.88631464925,50.0,1,0
1049,23,1,0,2,페이스북,678558.0490428787,23.0,0,1
1050,23,0,0,2,구글,482637.45520786993,58.0,1,1
1051,16,0,1,1,구글,382378.14044089976,23.0,0,0
1052,11,0,0,4,블로그,538537.1484610174,13.0,0,1
1053,22,0,0,5,인스타그램,611413.6718283306,11.0,1,0
1054,16,1,0,2,유튜브,176454.1881750329,50.0,1,0
1055,8,1,1,4,유튜브,701378.1981464096,41.0,1,0
1056,4,0,0,4,유튜브,761260.5573430237,54.0,0,1
1057,8,0,1,2,페이스북,609491.0281959852,45.0,0,0
1058,4,1,1,2,페이스북,313088.9879436159,57.0,1,0
1059,24,0,0,3,유튜브,434794.6923036193,11.0,0,1
1060,25,0,1,3,블로그,736574.8991444464,13.0,0,0
1061,3,1,1,3,페이스북,304355.82926912024,8.0,1,1
1062,3,0,1,4,페이스북,625728.7415530382,29.0,0,1
1063,27,0,1,5,구글,489845.5981453682,53.0,0,1
1064,29,0,0,4,구글,532038.6499013945,16.0,0,0
1065,18,1,0,4,블로그,332845.70453503786,10.0,1,0
1066,29,0,0,2,페이스북,566132.8570204285,22.0,0,1
1067,26,0,0,2,페이스북,551815.1474228671,44.0,1,0
1068,19,1,1,5,인스타그램,198128.28188667702,25.0,0,0
1069,19,0,0,2,블로그,499111.2210899261,19.0,1,0
1070,21,1,1,1,블로그,622779.4314159952,7.0,0,0
1071,5,0,1,2,인스타그램,422943.3499407213,6.0,0,1
1072,18,1,1,4,인스타그램,10453.88977911725,59.0,1,1
1073,28,0,1,2,구글,477036.6550204126,45.0,1,0
1074,10,0,0,4,블로그,793293.586629064,44.0,1,0
1075,29,0,0,1,블로그,431106.10210782767,8.0,1,1
1076,22,0,0,3,인스타그램,785730.2165714419,36.0,0,0
1077,21,1,0,5,유튜브,337528.4887377928,6.0,0,1
1078,6,1,0,4,유튜브,267805.8708546035,50.0,0,0
1079,1,0,0,1,구글,498979.47243548214,33.0,1,1
1080,5,0,1,2,유튜브,335484.3264529196,6.0,0,1
1081,9,1,0,2,유튜브,565971.5475721112,38.0,1,0
1082,12,1,0,7,유튜브,425485.8291469258,31.0,0,0
1083,26,0,1,2,페이스북,794783.409051162,58.0,1,0
1084,14,0,0,3,구글,411666.5057565408,43.0,0,1
1085,2,0,0,3,인스타그램,517947.39203038404,48.0,0,0
1086,17,0,1,6,유튜브,619267.1456887338,42.0,1,1
1087,14,0,1,2,페이스북,691263.2078916096,22.0,1,0
1088,26,0,1,2,유튜브,795928.5391884311,40.0,1,1
1089,13,0,0,2,페이스북,453027.34647180047,,1,1
1090,27,1,1,1,구글,420138.3801723832,31.0,1,0
1091,9,0,1,3,유튜브,117216.66016073315,49.0,1,0
1092,26,0,0,5,페이스북,908342.2982829628,24.0,1,0
1093,25,0,1,4,블로그,572192.8194466637,25.0,1,1
1094,15,0,1,4,블로그,,27.0,0,0
1095,25,0,0,3,페이스북,611145.7749825241,34.0,0,0
1096,22,0,0,2,유튜브,509906.9765751999,29.0,1,1
1097,15,0,1,4,유튜브,570070.5161006724,35.0,1,0
1098,24,0,1,3,구글,388067.5101631496,31.0,0,1
1099,11,0,0,3,구글,439580.2698521013,38.0,0,0
1100,16,0,1,1,인스타그램,309958.8399274235,12.0,1,0
1101,29,1,0,4,구글,811448.7927447117,23.0,0,0
1102,17,0,0,3,유튜브,612296.2019792707,45.0,1,1
1103,26,1,0,1,인스타그램,895234.516050864,30.0,1,0
1104,4,0,1,1,구글,959276.6491890838,32.0,0,1
1105,1,0,1,1,페이스북,219168.75207655027,8.0,1,0
1106,8,0,0,2,블로그,697045.6745746075,35.0,1,0
1107,17,0,0,3,구글,228407.26459391305,20.0,1,1
1108,3,1,0,3,구글,535483.49769289,55.0,0,0
1109,29,1,1,3,페이스북,562945.8939719058,14.0,0,0
1110,20,1,1,1,유튜브,242566.77017848863,42.0,1,0
1111,15,0,1,3,페이스북,352496.33289177757,52.0,0,1
1112,15,0,1,2,구글,572070.2951552689,14.0,0,1
1113,24,0,1,1,유튜브,535260.139808126,49.0,0,0
1114,22,0,0,1,인스타그램,,13.0,0,0
1115,14,0,0,1,구글,360393.7808120593,43.0,0,1
1116,26,0,0,4,페이스북,201711.94230321818,40.0,0,1
1117,28,0,1,3,인스타그램,259415.29083537273,55.0,1,0
1118,23,0,1,2,블로그,425715.917697305,40.0,1,1
1119,14,1,0,2,인스타그램,697490.6225395363,23.0,0,0
1120,24,1,1,3,페이스북,722846.61490446,23.0,1,0
1121,2,1,0,2,인스타그램,866687.3390760124,16.0,0,0
1122,13,0,0,4,페이스북,584852.8370312091,17.0,1,0
1123,26,0,1,2,구글,537656.6135433386,29.0,0,0
1124,14,0,1,3,유튜브,599029.2681993276,40.0,0,1
1125,27,1,1,5,블로그,597111.203445983,29.0,1,0
1126,24,0,0,5,유튜브,176697.27989426017,32.0,0,0
1127,19,0,0,2,유튜브,877774.6775108213,,1,0
1128,7,1,1,1,유튜브,113812.20360761281,57.0,0,1
1129,3,0,0,1,페이스북,729752.4792757094,43.0,0,1
1130,15,0,0,4,페이스북,511277.39566634013,34.0,1,0
1131,23,0,1,1,블로그,282100.56156904256,9.0,1,0
1132,14,0,0,4,페이스북,,21.0,0,0
1133,11,0,1,1,페이스북,476372.27901965886,22.0,0,0
1134,15,0,1,5,페이스북,363492.40077183535,47.0,0,0
1135,28,0,0,1,페이스북,223704.46724379552,51.0,1,0
1136,13,0,0,1,구글,206898.57419521402,25.0,0,1
1137,18,1,1,2,블로그,377817.74011015997,,0,0
1138,26,0,1,4,페이스북,,43.0,1,0
1139,6,0,1,0,블로그,257891.49343223966,54.0,0,0
1140,3,0,1,4,인스타그램,507696.0295293923,10.0,0,1
1141,19,1,1,0,구글,286372.7595870959,54.0,0,0
1142,15,0,1,1,페이스북,572044.1440351802,20.0,1,0
1143,25,0,0,3,구글,746275.8642543313,6.0,0,1
1144,23,1,0,1,구글,557874.863239215,55.0,0,0
1145,5,1,0,4,인스타그램,481233.0418039131,5.0,1,0
1146,28,0,0,3,블로그,393020.59243578097,34.0,0,0
1147,10,1,0,2,구글,789219.7237150439,47.0,0,1
1148,7,0,0,4,유튜브,461296.8564948534,56.0,0,0
1149,25,0,1,7,인스타그램,998044.7553559452,41.0,1,1
1150,17,0,0,4,유튜브,263392.83101757464,52.0,1,0
1151,7,0,0,4,인스타그램,557981.456532418,27.0,0,0
1152,22,1,0,3,유튜브,782544.7219937512,5.0,0,1
1153,26,0,0,3,유튜브,361972.7336164787,23.0,0,0
1154,12,0,0,2,구글,452775.1300049022,50.0,0,0
1155,25,1,0,2,구글,625229.3015652868,7.0,1,0
1156,17,1,0,3,인스타그램,,6.0,0,1
1157,13,0,1,3,블로그,611939.8128441953,41.0,0,0
1158,20,0,1,2,구글,732051.694921653,21.0,1,0
1159,25,0,1,3,구글,430649.1771695018,32.0,0,0
1160,4,1,1,3,페이스북,787405.179626948,22.0,1,0
1161,10,0,0,3,구글,155997.01012013003,37.0,0,0
1162,3,1,1,4,블로그,715487.5091171343,19.0,1,0
1163,9,0,1,3,페이스북,729441.137515262,26.0,0,0
1164,13,0,0,8,유튜브,345105.9247891918,45.0,1,1
1165,18,0,1,3,유튜브,209872.76480461692,31.0,0,0
1166,15,0,0,2,페이스북,453566.51908805134,59.0,1,0
1167,4,0,1,4,페이스북,580760.6261658526,41.0,0,1
1168,15,1,1,0,페이스북,432980.1976619157,36.0,1,1
1169,22,0,0,4,인스타그램,600388.4375914384,49.0,0,1
1170,2,0,1,2,블로그,887548.7526539539,23.0,1,0
1171,15,1,1,1,블로그,227057.6121265383,32.0,1,1
1172,8,0,1,2,유튜브,109178.97936284344,32.0,1,1
1173,8,1,0,1,유튜브,486140.46929675556,14.0,1,0
1174,17,0,1,1,유튜브,363966.2847384904,24.0,0,0
1175,12,0,0,4,구글,403937.01631886885,29.0,0,0
1176,19,0,0,3,유튜브,753382.6298981777,25.0,1,1
1177,10,0,0,2,페이스북,475876.7350345055,18.0,0,0
1178,9,1,1,3,유튜브,494200.9158410604,26.0,0,0
1179,5,0,1,3,페이스북,412640.49115144525,57.0,0,0
1180,6,0,1,3,인스타그램,492239.76627484296,30.0,0,1
1181,20,0,1,5,구글,553700.292495072,48.0,1,0
1182,26,0,0,4,구글,1056917.6398363155,15.0,1,1
1183,2,1,0,1,블로그,555931.4967224201,59.0,1,1
1184,27,0,0,2,인스타그램,732539.0337379031,11.0,0,0
1185,24,0,0,3,페이스북,537279.9170289304,21.0,1,0
1186,27,1,0,3,인스타그램,94442.13393734104,22.0,1,0
1187,13,0,0,5,구글,386585.633256956,11.0,1,1
1188,6,1,0,2,페이스북,555782.1436017759,24.0,1,1
1189,5,0,0,3,인스타그램,644682.9087566774,42.0,1,1
1190,25,0,0,4,구글,542045.7183157052,15.0,0,0
1191,1,0,0,2,페이스북,684070.2799543883,48.0,0,0
1192,21,1,1,2,페이스북,208003.04036416096,20.0,0,0
1193,22,1,1,1,구글,509758.49512343714,55.0,1,0
1194,21,0,1,3,페이스북,765592.6069370925,59.0,1,1
1195,6,0,0,4,구글,305688.00054481166,31.0,1,0
1196,6,0,0,6,유튜브,724118.28645666,55.0,1,0
1197,23,0,1,2,유튜브,713781.4918570088,15.0,1,0
1198,16,0,0,5,페이스북,252595.0694956114,20.0,1,0
1199,4,1,0,4,페이스북,567575.7122219574,27.0,1,0
1200,11,0,0,7,구글,531762.7983336849,16.0,0,0
1201,24,0,0,4,페이스북,464727.4613875095,44.0,0,1
1202,23,0,0,3,블로그,194622.15555525682,7.0,0,0
1203,9,0,0,2,유튜브,447388.05277306674,6.0,0,1
1204,23,0,1,5,페이스북,468740.82653172663,42.0,1,0
1205,3,0,0,6,페이스북,160339.74284402316,52.0,0,1
1206,19,1,0,2,인스타그램,238969.67259300497,56.0,1,0
1207,8,0,1,2,페이스북,314600.9213099985,28.0,0,1
1208,5,0,0,2,블로그,290343.6869503056,33.0,0,1
1209,4,0,0,1,유튜브,565254.0742112205,51.0,1,0
1210,24,1,1,4,인스타그램,682302.1053729819,50.0,1,0
1211,6,1,0,5,구글,437891.3706394219,38.0,0,0
1212,2,0,0,5,구글,653257.9135017864,24.0,1,1
1213,20,1,0,5,유튜브,690497.6920969258,22.0,0,0
1214,28,0,0,3,구글,482941.41139106837,18.0,1,0
1215,11,0,0,5,블로그,581608.7486392357,22.0,1,0
1216,4,0,1,3,페이스북,455330.9683658343,6.0,0,1
1217,15,0,0,0,유튜브,275434.04916096246,5.0,1,1
1218,6,0,0,2,인스타그램,350648.1096910394,24.0,1,0
1219,22,1,0,2,페이스북,565229.632131579,38.0,1,0
1220,17,1,0,3,구글,475734.09207632643,45.0,1,1
1221,24,0,1,3,구글,647434.6026219676,45.0,0,1
1222,6,0,0,4,인스타그램,122602.58524347877,52.0,1,0
1223,19,0,0,4,블로그,170685.68686038698,15.0,1,0
1224,25,0,0,3,인스타그램,194355.02932870958,31.0,1,1
1225,2,0,0,2,유튜브,533330.636220775,27.0,0,0
1226,15,0,0,2,인스타그램,224379.3803321916,42.0,1,0
1227,11,0,1,4,구글,564025.832995387,48.0,1,1
1228,8,1,0,3,블로그,650601.984212829,7.0,1,0
1229,26,0,0,0,블로그,803249.9546838768,16.0,0,1
1230,19,0,0,4,인스타그램,781181.5103280551,34.0,0,0
1231,13,1,1,3,유튜브,360916.0691332343,35.0,0,1
1232,12,0,0,2,구글,166072.40139635687,27.0,0,0
1233,5,0,1,1,페이스북,373611.6003379828,5.0,1,1
1234,6,0,1,3,블로그,695367.1493872346,45.0,1,0
1235,26,0,1,3,인스타그램,422061.9862320551,24.0,1,0
1236,22,1,0,2,유튜브,495135.8819922542,58.0,1,0
1237,4,0,0,1,유튜브,388567.8511197639,10.0,0,1
1238,19,0,1,3,구글,816240.5529839369,15.0,0,0
1239,20,1,1,5,블로그,297107.8470361582,39.0,1,0
1240,1,1,1,4,구글,513353.1079462627,8.0,1,0
1241,20,1,0,3,페이스북,721647.7122199824,33.0,1,0
1242,17,0,0,4,페이스북,868309.8952790734,14.0,0,1
1243,12,0,0,6,페이스북,361039.57969227154,55.0,1,1
1244,15,1,1,4,유튜브,692161.173227675,33.0,0,0
1245,1,1,0,2,블로그,373547.0012953812,42.0,1,0
1246,26,0,0,2,구글,775431.9737157434,5.0,1,1
1247,14,0,1,2,구글,845893.4103458549,44.0,1,1
1248,6,0,0,2,페이스북,322081.0202924567,12.0,0,1
1249,5,1,1,2,블로그,630692.7017770063,42.0,1,0
1250,11,0,0,2,블로그,722657.3055543577,21.0,0,0
1251,4,0,0,2,인스타그램,441146.52247538127,23.0,0,0
1252,13,0,0,1,블로그,609542.8880386314,37.0,1,0
1253,11,0,1,2,블로그,620003.4521286706,19.0,0,1
1254,3,1,0,1,구글,901930.0271579549,49.0,1,0
1255,1,0,0,4,블로그,105799.65616001782,35.0,0,0
1256,6,1,1,1,블로그,488817.29958902794,25.0,1,1
1257,18,1,0,4,구글,249949.31961593122,7.0,1,0
1258,24,0,0,2,블로그,502759.6155466866,6.0,0,1
1259,10,0,0,1,구글,343428.3994835818,39.0,1,0
1260,5,0,0,4,인스타그램,449016.55612668185,45.0,1,0
1261,23,1,1,4,유튜브,325170.532262895,20.0,1,0
1262,10,0,0,4,구글,531073.4906271355,49.0,1,0
1263,12,0,0,2,구글,714778.8340366991,55.0,1,0
1264,2,1,0,2,블로그,425453.0425135561,54.0,0,0
1265,13,0,1,2,구글,786124.4411457088,25.0,0,0
1266,8,1,0,2,페이스북,708791.3616018238,16.0,0,1
1267,2,0,0,2,페이스북,906813.8037913666,32.0,1,0
1268,20,0,0,5,인스타그램,582271.4024114858,16.0,1,0
1269,1,0,0,1,구글,487671.1916737443,37.0,1,0
1270,5,1,0,1,블로그,182952.56069128943,24.0,1,0
1271,9,0,0,5,블로그,343662.5756813906,44.0,1,0
1272,17,1,1,3,유튜브,458419.40210015187,53.0,0,0
1273,9,1,0,2,인스타그램,482098.5937676924,25.0,0,0
1274,11,0,1,4,블로그,969744.4804493004,56.0,1,0
1275,15,1,1,2,유튜브,458604.64368871244,58.0,0,0
1276,24,0,0,3,블로그,146329.34214587876,43.0,1,1
1277,6,0,0,3,유튜브,632914.0713555759,45.0,0,0
1278,23,0,0,4,페이스북,621299.6480538647,53.0,0,0
1279,3,1,1,4,페이스북,408214.05911202426,46.0,1,1
1280,17,0,0,2,블로그,925534.0915505235,40.0,0,1
1281,5,0,0,2,인스타그램,120675.78905141493,,1,1
1282,28,0,0,1,구글,749891.4199175729,30.0,0,0
1283,12,0,1,6,인스타그램,441780.6591843943,11.0,1,1
1284,18,0,1,4,인스타그램,309916.44434414187,11.0,1,1
1285,14,1,0,3,구글,980079.6555874839,12.0,1,1
1286,21,1,1,2,페이스북,647339.3460582563,30.0,1,0
1287,24,0,0,2,페이스북,440312.263360391,28.0,0,0
1288,11,1,0,2,구글,436247.2622267495,28.0,0,1
1289,9,0,1,5,유튜브,555083.7670740428,44.0,0,0
1290,2,1,0,1,인스타그램,407607.2968163271,52.0,1,0
1291,12,0,0,3,블로그,759921.7049217608,16.0,1,0
1292,3,0,0,1,페이스북,517537.0786125156,51.0,0,0
1293,3,0,1,1,블로그,703512.8903394125,12.0,1,0
1294,1,1,1,7,구글,541585.2689993335,58.0,0,0
1295,8,0,1,6,블로그,673966.9998348678,13.0,0,1
1296,22,0,1,1,블로그,769101.950349295,7.0,1,0
1297,28,0,0,5,인스타그램,836185.9664531397,58.0,0,0
1298,29,0,0,3,구글,598189.3375240541,25.0,0,1
1299,8,0,0,2,블로그,326690.5828717858,35.0,1,0
1300,11,1,0,3,페이스북,465483.54649431113,52.0,1,0
1301,9,1,0,3,구글,494772.42614440795,51.0,0,0
1302,5,0,1,4,페이스북,385358.2323842787,28.0,1,0
1303,14,1,0,6,유튜브,351969.1553992897,8.0,1,0
1304,28,0,0,3,블로그,534900.1138420821,,0,1
1305,3,1,0,3,구글,303338.4723784537,20.0,1,1
1306,21,1,0,5,페이스북,264519.9018654814,14.0,0,1
1307,5,0,1,0,블로그,161112.8337083289,47.0,0,0
1308,5,1,0,5,인스타그램,596067.3389670831,30.0,0,0
1309,19,0,0,2,페이스북,568249.5956295953,33.0,1,0
1310,27,0,1,1,페이스북,435064.8993520331,9.0,0,0
1311,14,1,0,4,유튜브,698846.2551537303,15.0,0,0
1312,26,0,0,4,인스타그램,300238.12853558955,33.0,0,1
1313,4,0,0,5,유튜브,576174.8214643783,49.0,0,0
1314,25,0,0,2,인스타그램,510832.6720870959,19.0,1,0
1315,13,1,1,2,페이스북,351863.93226544553,10.0,0,0
1316,10,0,1,4,유튜브,401491.51404069905,52.0,1,0
1317,25,0,0,4,블로그,386100.80398911145,19.0,1,1
1318,18,1,1,3,인스타그램,550550.7938122891,47.0,1,1
1319,8,1,0,1,페이스북,618685.7747311105,24.0,0,0
1320,8,0,0,1,구글,414721.2336970811,38.0,0,0
1321,7,0,0,1,인스타그램,357579.0951764722,6.0,0,1
1322,8,0,0,1,인스타그램,527444.4257053514,48.0,1,1
1323,14,0,0,4,블로그,169649.7664983091,20.0,0,1
1324,19,0,1,3,인스타그램,506871.49328845425,23.0,1,0
1325,29,1,1,4,인스타그램,812355.0969043372,38.0,0,0
1326,6,0,0,3,블로그,359207.34595740377,53.0,0,0
1327,1,0,0,3,블로그,464628.96798501024,18.0,0,0
1328,23,0,0,3,유튜브,704912.3498604891,28.0,0,1
1329,15,1,0,0,페이스북,650934.6682150298,32.0,1,0
1330,1,0,0,6,페이스북,512367.81634497014,52.0,0,0
1331,25,1,0,4,유튜브,488294.2947873116,36.0,1,0
1332,17,0,1,1,페이스북,252888.4849263673,41.0,1,1
1333,1,0,0,6,인스타그램,598230.5641795599,14.0,1,0
1334,15,0,0,1,유튜브,231324.99751771928,53.0,0,0
1335,23,0,0,3,유튜브,86963.02557576192,49.0,1,1
1336,2,0,0,6,페이스북,701620.6138899869,52.0,0,0
1337,14,0,0,3,구글,577397.2596786222,13.0,1,0
1338,21,0,1,1,페이스북,675947.1390115728,28.0,0,0
1339,8,1,0,4,구글,352698.0692130686,40.0,0,1
1340,8,0,1,1,유튜브,593272.7932351198,33.0,1,1
1341,19,1,0,4,구글,412186.4202734241,33.0,1,1
1342,7,0,0,5,인스타그램,434551.4694076502,52.0,0,1
1343,19,0,0,1,블로그,694750.8248379136,27.0,0,1
1344,6,0,1,2,구글,470041.7413597208,31.0,1,1
1345,6,0,0,5,블로그,360722.8415814368,35.0,0,0
1346,3,0,1,9,인스타그램,226896.31557768985,47.0,0,1
1347,7,0,0,5,블로그,572137.8751720928,11.0,1,0
1348,19,0,1,4,인스타그램,711895.2334853685,53.0,1,1
1349,8,0,0,4,블로그,343374.3219899959,58.0,1,1
1350,10,0,1,4,블로그,637795.786941848,49.0,1,0
1351,20,1,0,3,페이스북,311444.2702533047,8.0,0,0
1352,15,1,1,2,구글,649860.4606591971,18.0,1,0
1353,15,1,0,2,블로그,506582.89293229126,46.0,0,0
1354,29,1,0,7,유튜브,553567.2345126361,46.0,0,0
1355,1,0,0,4,페이스북,360517.9303375446,14.0,1,0
1356,20,0,1,3,구글,571510.1726973699,48.0,0,0
1357,7,1,0,1,페이스북,380462.55173307157,38.0,1,1
1358,27,0,1,1,구글,417265.30157301173,30.0,0,0
1359,4,0,0,2,인스타그램,196474.47069043125,27.0,0,0
1360,29,0,0,2,블로그,345569.56782964,13.0,1,0
1361,6,0,0,4,유튜브,394900.9394150933,41.0,0,1
1362,25,0,1,3,페이스북,562561.9025277478,12.0,0,0
1363,1,1,1,4,페이스북,619131.155115575,57.0,0,0
1364,29,0,1,6,페이스북,,18.0,0,0
1365,5,0,0,2,페이스북,467111.09235421306,11.0,0,0
1366,27,1,1,5,블로그,837277.0528922202,11.0,1,0
1367,23,0,1,1,구글,526221.712616967,13.0,0,0
1368,1,0,0,4,블로그,392621.51111921953,7.0,1,0
1369,4,0,1,2,인스타그램,164070.24796214158,18.0,0,1
1370,22,1,1,5,블로그,329215.49732615467,21.0,0,1
1371,2,1,1,2,블로그,321426.0763845681,54.0,0,0
1372,10,0,1,4,인스타그램,895574.7440800758,48.0,0,1
1373,5,1,0,2,블로그,330308.49554140185,26.0,0,0
1374,27,0,0,6,구글,510208.58566764917,50.0,0,0
1375,10,1,1,2,유튜브,574151.511775775,30.0,0,0
1376,1,1,0,0,인스타그램,721304.9850037831,32.0,0,0
1377,22,1,1,2,페이스북,501604.84837185347,49.0,1,0
1378,6,0,1,3,구글,397937.09847986023,18.0,1,1
1379,13,1,1,2,유튜브,384692.6896840232,13.0,0,1
1380,15,1,1,4,구글,571275.9985359646,55.0,1,0
1381,4,0,0,2,구글,363132.10849203554,30.0,1,0
1382,13,1,0,2,페이스북,279163.771452247,6.0,0,0
1383,24,0,0,4,유튜브,397899.1356339202,15.0,1,0
1384,20,1,0,1,구글,235103.1317594687,21.0,1,0
1385,24,0,0,1,페이스북,870123.3169041197,,0,1
1386,15,1,0,4,인스타그램,619310.5420142754,23.0,1,0
1387,29,0,1,3,페이스북,824168.7686829136,43.0,1,1
1388,8,0,1,8,블로그,597087.2073480977,22.0,0,0
1389,5,0,0,1,페이스북,804918.6060085129,17.0,0,1
1390,29,0,0,4,페이스북,573492.9328111832,9.0,1,1
1391,15,0,1,2,페이스북,645236.2641990671,54.0,1,1
1392,4,0,0,2,구글,73256.19469176361,27.0,0,1
1393,12,0,0,3,유튜브,317134.0806047621,28.0,0,0
1394,13,0,0,4,페이스북,507385.55505119433,33.0,1,0
1395,2,0,0,3,페이스북,512237.5529579778,52.0,0,1
1396,27,1,0,4,블로그,484723.7962654329,51.0,1,0
1397,19,0,1,5,블로그,590599.0554181405,12.0,0,1
1398,19,1,0,5,인스타그램,598840.5875859961,30.0,0,0
1399,4,1,0,2,인스타그램,673023.163417568,19.0,0,0
1400,4,0,0,5,블로그,633798.7042208277,5.0,0,0
1401,26,0,0,3,유튜브,740817.4799154989,32.0,0,1
1402,11,1,1,5,인스타그램,742446.7234852954,53.0,1,1
1403,27,0,1,3,유튜브,534932.8897750729,51.0,1,0
1404,5,0,1,6,블로그,,50.0,0,0
1405,20,0,0,1,인스타그램,771866.1069843229,18.0,1,1
1406,11,1,1,1,페이스북,338609.8191068928,46.0,0,1
1407,10,0,1,4,블로그,578520.6662114586,38.0,0,0
1408,8,0,1,3,인스타그램,131476.37161687698,35.0,0,1
1409,6,1,0,7,유튜브,165160.3436635303,10.0,0,0
1410,6,1,0,2,유튜브,400101.1339328478,53.0,1,0
1411,8,0,0,0,인스타그램,324911.0142672508,9.0,1,0
1412,23,0,1,2,유튜브,401331.4099851488,35.0,0,1
1413,15,1,0,3,인스타그램,565698.7724793167,41.0,1,1
1414,26,0,0,2,인스타그램,745058.0611699461,19.0,0,1
1415,14,0,1,3,유튜브,734350.3872946216,19.0,0,1
1416,11,0,1,3,구글,582638.7473935944,56.0,0,0
1417,12,1,1,1,페이스북,282576.1161875756,47.0,1,1
1418,26,0,0,4,블로그,388522.375740048,9.0,0,0
1419,13,1,1,4,페이스북,627436.6650814425,32.0,1,1
1420,8,1,0,4,블로그,334776.6996919305,37.0,0,0
1421,18,0,0,3,블로그,246616.652487229,15.0,0,1
1422,25,0,0,2,페이스북,598463.4251208314,47.0,1,1
1423,1,0,0,2,인스타그램,490327.4726830985,10.0,0,1
1424,15,0,0,2,유튜브,457816.1920385755,27.0,1,1
1425,8,0,1,0,구글,721960.3871304698,44.0,1,0
1426,28,1,0,4,구글,717761.616730072,6.0,1,1
1427,11,0,1,2,구글,856223.5981478606,19.0,0,0
1428,12,1,0,4,페이스북,369717.64199871744,27.0,0,1
1429,12,0,0,2,페이스북,585946.7161780176,,1,1
1430,4,0,0,7,인스타그램,503801.69411147025,13.0,1,0
1431,16,0,0,5,구글,567663.1663490697,51.0,1,1
1432,4,0,0,3,인스타그램,273123.7648430186,44.0,0,0
1433,5,1,0,1,구글,219505.3331129576,34.0,0,1
1434,24,0,0,4,페이스북,491956.7727542397,20.0,1,1
1435,5,0,0,1,유튜브,331497.482005181,50.0,0,0
1436,8,0,0,2,유튜브,687641.5241102575,51.0,0,0
1437,10,0,1,2,유튜브,199864.5265282801,56.0,0,0
1438,17,0,0,4,유튜브,216359.822550744,34.0,0,1
1439,28,0,1,5,블로그,416667.5049502287,49.0,1,1
1440,26,1,1,2,구글,192384.99881341786,13.0,1,0
1441,9,0,1,2,유튜브,835200.6264194656,5.0,0,1
1442,22,1,1,2,블로그,463416.52521274163,,0,0
1443,19,0,0,3,블로그,379439.8589271947,12.0,1,0
1444,29,0,1,4,블로그,593592.8051252641,56.0,0,0
1445,14,0,1,1,인스타그램,676769.7072041485,22.0,1,0
1446,8,0,0,4,인스타그램,541391.7802168572,31.0,1,0
1447,9,0,0,5,블로그,486381.7014215875,22.0,1,0
1448,22,0,0,1,유튜브,303305.4150591738,36.0,1,0
1449,11,0,1,2,구글,626181.8637842438,53.0,0,1
1450,23,0,1,3,페이스북,783340.6180372392,36.0,1,0
1451,1,0,0,1,인스타그램,456056.04902654176,57.0,0,0
1452,14,1,0,3,유튜브,330242.8999377958,52.0,0,0
1453,5,0,0,4,유튜브,536299.1535001389,49.0,0,0
1454,21,0,0,4,페이스북,500529.97880011104,58.0,0,0
1455,26,0,1,3,페이스북,256729.5234851919,40.0,0,0
1456,14,0,0,5,유튜브,399462.2601584077,40.0,0,1
1457,4,0,0,1,페이스북,857697.1535956525,,1,1
1458,22,0,0,4,유튜브,,50.0,1,0
1459,23,0,1,2,페이스북,361875.9293151144,36.0,0,0
1460,25,0,0,1,페이스북,310257.3250952475,35.0,1,0
1461,1,0,1,4,유튜브,327940.0315616771,41.0,0,0
1462,22,0,0,3,블로그,410904.7211680962,20.0,1,1
1463,23,0,0,2,유튜브,589676.4202922519,50.0,0,1
1464,19,0,0,2,구글,761712.5061242263,50.0,1,1
1465,8,0,0,1,페이스북,540664.3187856633,18.0,0,0
1466,15,1,0,2,인스타그램,363123.63576729305,28.0,1,1
1467,21,0,1,4,페이스북,807983.0291780649,29.0,0,0
1468,15,0,1,4,구글,86287.29579916596,,0,0
1469,9,0,1,6,인스타그램,634695.6305624314,55.0,0,0
1470,21,1,0,1,인스타그램,294648.27619424067,39.0,0,1
1471,9,0,1,4,유튜브,489815.36450726056,21.0,1,1
1472,10,0,0,0,블로그,612619.9855101451,50.0,1,0
1473,20,0,0,2,유튜브,178924.77805670374,46.0,0,0
1474,25,0,0,2,인스타그램,528330.7636502037,49.0,1,1
1475,21,0,0,2,인스타그램,543695.4135827055,58.0,0,1
1476,26,0,1,1,블로그,792467.5364326721,8.0,1,0
1477,9,1,0,3,페이스북,1043029.8634445034,15.0,0,1
1478,3,0,0,5,블로그,189406.03885248926,51.0,1,0
1479,20,1,1,1,유튜브,783430.7367665067,19.0,0,1
1480,25,1,0,2,페이스북,492423.9531720475,34.0,1,0
1481,26,0,0,5,유튜브,338285.75217358035,28.0,0,0
1482,11,0,0,2,블로그,573810.6340510336,6.0,1,1
1483,6,0,1,2,페이스북,239541.7208627355,,1,1
1484,2,0,1,4,블로그,251477.47323919446,38.0,0,0
1485,7,0,0,2,구글,152968.2723536825,27.0,1,0
1486,18,1,0,2,인스타그램,609217.802024646,35.0,1,0
1487,27,1,0,3,페이스북,565402.3650038624,41.0,1,0
1488,2,0,1,4,인스타그램,337123.26098792325,17.0,1,1
1489,27,0,0,4,구글,804720.3627383293,37.0,1,0
1490,17,1,0,4,페이스북,367408.86203303974,11.0,1,1
1491,11,1,0,5,인스타그램,756597.9188291145,36.0,1,0
1492,27,1,0,2,인스타그램,524416.1754067081,11.0,0,1
1493,12,0,0,0,페이스북,364726.3353977407,46.0,1,0
1494,27,0,1,3,인스타그램,477003.7193503524,42.0,1,0
1495,19,0,0,3,인스타그램,249251.49222076187,56.0,1,0
1496,22,0,0,2,페이스북,543346.6726088541,48.0,0,1
1497,24,0,1,3,인스타그램,506110.0158727423,17.0,0,0
1498,25,0,1,5,인스타그램,605489.4922234201,28.0,1,0
1499,7,0,0,1,유튜브,675830.4786169477,32.0,1,1
1500,20,0,0,2,유튜브,523123.1553706411,36.0,0,1
