고객ID,나이,성별,소득,구매횟수,총구매금액
1,56.0,남성,4975365.655890872,11,576543.8358415104
2,69.0,남성,6782589.910172126,17,1859923.1055512927
3,46.0,남성,8790398.638810433,17,621344.7431610196
4,32.0,여성,4203696.840619519,6,1324044.1823302046
5,60.0,남성,4265840.836222667,5,1265095.6536714558
6,25.0,남성,6566241.315603608,8,20779.228932681144
7,38.0,남성,6022837.234439467,2,820576.7915435403
8,56.0,여성,7770060.98860405,16,1028314.2259060851
9,36.0,여성,5875892.277988946,12,1066575.605712143
10,40.0,남성,4461061.863819411,6,1150710.2577583836
11,28.0,남성,5885982.246038464,1,1378831.436469988
12,28.0,남성,6663055.370874362,4,996242.3178646109
13,41.0,남성,6230723.271796046,17,1177308.7840089719
14,53.0,여성,5760911.046660947,13,977522.7066138085
15,57.0,여성,,18,491333.17162261327
16,41.0,여성,6753943.385668509,5,1016200.720684837
17,20.0,여성,7073238.486556291,3,1374544.9221265349
18,39.0,남성,,11,1554394.1912376825
19,19.0,남성,4749322.879524718,13,1268657.828772102
20,41.0,남성,5220070.529649984,4,1667175.1629746496
21,61.0,여성,6809763.449762535,14,1209432.3737044903
22,47.0,남성,3774596.493519146,11,1431939.9108344186
23,55.0,여성,,10,1468695.574639893
24,19.0,여성,4409991.781508959,19,888324.7295581322
25,38.0,남성,5043117.234402226,18,1363001.716283834
26,50.0,남성,6917677.793910949,6,529677.5511795429
27,29.0,남성,5286648.602029855,15,1174906.171274432
28,39.0,여성,5069654.822234224,10,1288512.9133342265
29,61.0,남성,2960215.788530121,5,1525547.5603496651
30,42.0,여성,6119380.3490408305,5,1410379.651990653
31,66.0,남성,5968226.271711613,10,1532057.0916673567
32,44.0,여성,8244882.08495819,5,950309.8349367885
33,59.0,여성,4538332.647570498,3,827303.4226649764
34,45.0,남성,5328725.491495908,6,862550.6210571919
35,33.0,여성,5374075.525566133,4,1133141.865224315
36,32.0,여성,7366179.919645212,18,95626.49217887386
37,64.0,남성,4857056.701419571,9,1665878.4851972768
38,68.0,여성,5418532.288655509,17,1021936.6799144874
39,61.0,남성,5911844.764574809,13,792499.2088324404
40,69.0,여성,5279913.684734537,15,264858.10530273034
41,20.0,남성,4330349.578174207,17,981593.2469108587
42,54.0,남성,5291134.989347462,13,900761.7424621221
43,68.0,여성,6610447.624789658,16,551476.7846773725
44,24.0,여성,3460227.0508834096,4,663476.577436494
45,38.0,여성,5199454.511220314,5,986681.6777774183
46,26.0,여성,3949818.77759124,5,705881.7702061585
47,56.0,여성,6792569.943387263,9,1285939.033089178
48,35.0,남성,2715219.642824338,17,625608.2056779918
49,21.0,여성,4161617.2290926175,13,1077304.214760389
50,42.0,남성,,2,1590022.684405585
51,31.0,남성,7348286.043851511,13,981702.0687187243
52,67.0,여성,4901374.608390518,19,1177988.5619798729
53,26.0,남성,4167200.7099602027,3,1146325.6937002991
54,43.0,남성,7821735.604160885,10,1003998.449808633
55,19.0,남성,2827979.149375634,2,966496.4290282449
56,37.0,남성,1701791.065069877,13,714312.889275044
57,45.0,여성,5660021.675079999,19,1075506.1452789097
58,64.0,남성,4246918.663471083,17,858366.2455802665
59,24.0,여성,3468150.77430393,14,1773045.0841173534
60,61.0,여성,,12,1405571.6295549558
61,25.0,남성,5365701.070656798,12,273602.052055827
62,64.0,여성,4153882.0538949072,11,301421.00089096127
63,52.0,여성,3079543.4019936584,7,934770.0654803175
64,31.0,여성,6308685.992420217,4,802347.2612801269
65,34.0,남성,5975301.766937992,19,908403.0408890373
66,53.0,여성,4851236.204330926,1,1325580.7303261566
67,67.0,여성,7769955.4940714985,3,1157867.9494386786
68,57.0,여성,3394872.8505107714,13,1152814.6152290772
69,21.0,남성,2711712.2436128915,15,1723097.332747697
70,19.0,여성,3962137.8951781336,2,305554.22291346034
71,23.0,남성,4931620.975466753,11,1051969.4170744496
72,59.0,남성,5365009.173984038,4,710473.726026373
73,21.0,남성,4638145.913215505,19,1717717.892919676
74,46.0,남성,5528083.094771445,17,104675.80291167181
75,35.0,남성,3122690.8637143336,3,82740.79285650072
76,43.0,남성,7165646.906109889,18,1152318.1481740254
77,,여성,4876773.232411147,8,1563148.2796620736
78,51.0,남성,6675943.747382192,19,1386627.160658525
79,27.0,여성,5514088.019566556,5,599509.6033411458
80,53.0,여성,5685129.828730676,7,1753210.8610007898
81,31.0,남성,5854650.920348306,8,384265.6257028958
82,48.0,여성,5671562.840025973,5,1653742.0947716725
83,65.0,여성,5964084.139801316,17,450385.8748209282
84,32.0,여성,6993728.795198647,5,824087.913831389
85,25.0,여성,5294781.754552205,4,1319634.7689284587
86,31.0,남성,,19,266896.0845519175
87,40.0,여성,4865396.45856916,2,1734511.6987703838
88,57.0,남성,7160175.823174209,11,821028.0842993428
89,38.0,여성,3985411.5469110953,13,1068638.0678391447
90,33.0,여성,7701410.649366223,15,1581100.394520376
91,62.0,남성,4939763.074033485,12,603437.3274164251
92,35.0,여성,2853837.3468229277,11,1530406.8431276944
93,64.0,여성,5192156.622366184,7,1820266.785446185
94,41.0,여성,3978422.513787679,5,672210.5013352104
95,43.0,남성,6260965.323483086,17,1684693.8362981472
96,42.0,여성,4021064.031046414,9,119710.70287919848
97,62.0,남성,4330724.85017783,14,1194800.1973972835
98,58.0,여성,2165688.9035817035,12,385700.74214809574
99,46.0,남성,4321540.521126385,6,1471284.2742680945
100,32.0,남성,1364181.010056565,17,1430228.0242111017
101,62.0,여성,2624145.764771415,19,2038689.9977956216
102,18.0,여성,6140621.984216446,19,1710641.4914762496
103,42.0,남성,6178700.237976248,16,917114.4011992725
104,24.0,남성,,12,459126.2563505798
105,26.0,여성,3549535.785306181,12,1282843.539834695
106,41.0,남성,4928432.96578703,6,969634.2948072534
107,18.0,여성,4994596.191364148,4,1775577.522297852
108,61.0,여성,3262452.966211186,6,83190.42170788907
109,25.0,여성,7255097.452650726,11,2094028.3796443136
110,41.0,여성,6316043.435863507,1,1265995.3038059017
111,28.0,남성,4668553.739255504,15,593493.9391398139
112,68.0,여성,5040328.758491796,11,1366994.613709283
113,34.0,남성,5312574.211921329,19,1648710.710644852
114,25.0,여성,1937397.6973635638,18,1057173.4456518444
115,52.0,남성,4629233.926219105,17,117539.80792757857
116,52.0,여성,3977023.628003302,19,853076.481826447
117,50.0,남성,3497569.9851576267,14,1519697.526521069
118,22.0,남성,4578349.560671068,18,1248332.3671136873
119,59.0,여성,7696529.790274284,19,921746.4845823136
120,56.0,여성,5961264.291900515,15,1654157.9154457178
121,58.0,여성,,15,1369652.9204161484
122,45.0,여성,5858874.1720342375,4,1408169.577969172
123,24.0,남성,7099033.154879004,7,794682.6540095994
124,26.0,여성,6386950.524369153,13,746308.1591269507
125,25.0,남성,5089445.554880261,3,150020.13965848938
126,29.0,남성,4029594.8334416393,16,870304.1220313719
127,51.0,여성,6047334.970420385,9,1467696.026899064
128,50.0,남성,5590228.078132625,8,897953.3514922066
129,65.0,남성,6342789.8300415985,13,1222769.4232645025
130,40.0,남성,,17,1555599.6783266403
131,41.0,남성,6574329.072979003,17,1186416.4958993162
132,54.0,여성,4197147.182659148,17,1235257.380880401
133,52.0,여성,6976091.098451489,1,321088.7689812229
134,61.0,여성,5296399.407038599,8,838717.6079490115
135,57.0,여성,8112891.308937898,19,1863313.2532482976
136,39.0,남성,3966218.2728656484,6,1051898.5905480466
137,44.0,남성,7603945.704747874,3,1948369.0909982873
138,,여성,5296866.175193972,5,638442.1846805264
139,18.0,여성,4022872.9945783275,13,1116973.72606727
140,52.0,여성,4274171.2489185175,15,808660.7812240659
141,54.0,남성,4519479.03770852,14,1295992.3425622766
142,,여성,5636248.919602875,16,1447504.3340300606
143,31.0,여성,5784253.232053249,18,1301233.0478504503
144,20.0,여성,4139449.9940921315,11,1520926.0718740143
145,18.0,남성,4963468.111608526,3,993413.5057388366
146,22.0,남성,8213405.537917796,10,904735.8161681612
147,43.0,남성,7591314.755151067,10,120903.49636201409
148,31.0,남성,5654485.504511048,16,1319225.4675822824
149,56.0,남성,5057005.2172523,12,1086092.0461200785
150,44.0,남성,5180046.990077392,2,966042.6312187334
151,26.0,남성,5920276.959095625,9,904591.2972728274
152,32.0,남성,3465811.152202392,3,981560.219328105
153,32.0,여성,4613935.193864983,15,881881.9342510414
154,43.0,여성,2497123.889183616,3,735983.0807183477
155,59.0,남성,5598834.683907919,19,1119794.4403620844
156,30.0,남성,5970793.909554112,18,1242079.5594664763
157,68.0,여성,4275220.306550939,8,614716.0428069097
158,49.0,남성,7360980.144935049,17,799632.2154063046
159,56.0,남성,3161351.505496488,8,897689.1243675657
160,,남성,2803437.6796852695,7,1002406.6536883925
161,69.0,여성,5336677.727839958,7,935907.2652071164
162,49.0,여성,6570647.453918232,3,1329860.599828197
163,21.0,여성,7525891.537186803,1,173816.4921480954
164,47.0,여성,4311673.60569659,4,262481.4008299415
165,54.0,여성,6618021.250146943,5,1096784.699626789
166,40.0,남성,4942237.295748939,1,698657.0760861055
167,56.0,여성,4741059.050088771,15,1442121.1528869055
168,62.0,남성,6325489.906230008,5,1584900.4762942754
169,32.0,남성,5978484.317620129,13,1116873.5882114551
170,60.0,여성,2635411.764523626,8,464012.5418629104
171,46.0,여성,7214810.524588844,8,1527296.7581135295
172,53.0,남성,,5,1099451.3310751638
173,30.0,남성,4061655.947735706,9,256532.01373644115
174,49.0,남성,5593705.300156114,1,300740.1759674079
175,24.0,여성,5741045.279424109,4,1758473.3948543225
176,68.0,여성,5391010.64873586,3,1675567.9566306146
177,39.0,여성,4174542.26923187,2,258571.57104812237
178,45.0,여성,3992564.9480929226,8,321104.55237106164
179,19.0,여성,4961668.893512832,9,1570427.7478108276
180,59.0,남성,6759093.528889047,2,990753.7058034759
181,62.0,여성,5815400.231891649,14,1350924.6427460464
182,23.0,남성,4444078.501870841,14,969023.6269509516
183,45.0,남성,6157548.065972517,4,1327246.2450356018
184,45.0,남성,727186.0690548867,6,1002916.7733327168
185,61.0,여성,6723148.550558155,11,781195.8716215169
186,61.0,여성,2390429.3318328504,3,1529371.9149574046
187,37.0,여성,4456338.587895302,8,1101027.308012823
188,47.0,남성,3320495.1580607845,3,1326194.3581217832
189,28.0,남성,3057977.7864186415,14,1078723.9624803832
190,45.0,남성,,13,756821.5532250935
191,42.0,남성,4298448.198032163,13,1804194.655678596
192,56.0,남성,5519755.822596074,2,1177484.1273788328
193,50.0,남성,4929619.131681224,13,822475.6778139242
194,18.0,여성,5715561.240834682,19,1639164.735159358
195,44.0,여성,5115232.836590383,6,339588.1130605214
196,69.0,여성,3075511.6637171456,16,2118141.8253979934
197,30.0,여성,6494400.22917071,2,910425.1211682857
198,58.0,남성,4259365.125258031,8,365992.8963083117
199,20.0,남성,2665127.1520103733,17,1952970.6742287823
200,56.0,여성,4357827.258551131,2,768416.1934636043
201,23.0,남성,7251139.685951466,10,1121622.2849278136
202,25.0,여성,,16,1358845.3707197318
203,44.0,여성,4477021.798388211,6,1592086.2638300727
204,26.0,여성,4476113.443522356,2,1149887.2818607823
205,54.0,남성,4517547.423173926,2,676342.2958349814
206,50.0,여성,8115121.975341261,13,1109496.2616669962
207,68.0,여성,5572903.17834733,15,790342.2273341394
208,59.0,여성,5645062.470786604,2,1124505.838182262
209,61.0,남성,6545425.181047764,7,1814074.7728784292
210,41.0,남성,5358183.73853977,3,1377962.595821897
211,32.0,여성,4611436.781268945,8,1103323.2190491694
212,49.0,남성,4705475.226372533,14,1369245.4163031701
213,49.0,남성,4892598.110878904,7,1405040.3259545928
214,41.0,남성,4944166.645235238,7,461062.9485156373
215,58.0,남성,6091444.31545547,1,1020861.355607849
216,69.0,남성,5077918.828710949,17,2281263.829666258
217,66.0,남성,6098960.115823369,9,1606410.4925159332
218,66.0,남성,4878925.1298371265,13,748282.2204194001
219,69.0,남성,5117952.785474136,19,698396.0519411892
220,29.0,남성,2002698.9732018383,19,681737.1384121989
221,56.0,남성,6374491.5120537225,17,1433159.9751310286
222,19.0,여성,5519732.713846989,10,1803820.4605581088
223,20.0,여성,6497015.164789478,10,1291083.522240029
224,66.0,남성,655616.9327094657,4,1078581.174934409
225,54.0,여성,8132562.057171091,8,777922.3211836142
226,66.0,여성,4790615.557767239,18,1164686.5727917633
227,34.0,남성,6662274.225106275,14,589939.1399518952
228,66.0,남성,,18,32117.226394380792
229,19.0,남성,5919160.857593855,14,1818412.8450562246
230,19.0,여성,3419876.655239516,15,497093.66481894534
231,45.0,여성,4064346.5589562925,4,837583.8131653403
232,40.0,남성,7871047.030800179,13,1328178.7253146456
233,54.0,남성,4713976.39885498,8,1717233.434673027
234,49.0,남성,5326149.309769584,18,1128565.3262093107
235,50.0,여성,6305101.596033132,12,403144.50616958586
236,18.0,여성,5743522.831958907,14,849326.7751542244
237,36.0,여성,5225628.357715365,2,660757.2974874603
238,19.0,여성,5547441.503699338,18,980894.4862643395
239,61.0,남성,8605123.377857413,2,1615992.2356348177
240,43.0,남성,4913571.804449622,11,268694.298034942
241,49.0,남성,5301648.570072452,9,794305.0849862546
242,23.0,남성,6575981.5940114185,12,757975.1818064909
243,49.0,여성,6658288.899436976,17,371619.32755218016
244,21.0,여성,6780545.45834057,15,1292745.371874808
245,28.0,남성,5958095.333043776,17,292512.0640619759
246,34.0,남성,3285492.630904275,18,350052.8603518376
247,55.0,여성,7450147.298451643,6,1425534.6070103068
248,41.0,남성,3280481.9104719684,17,1750285.6844813344
249,22.0,여성,5453953.19785855,18,961951.6156940204
250,69.0,남성,3868586.224970963,8,391301.940505367
251,51.0,남성,4903792.480110511,9,647222.954110875
252,23.0,남성,5493143.61545522,6,1504000.9736225225
253,39.0,남성,5482035.82317541,5,1058219.120331697
254,28.0,남성,5632881.131352928,12,949480.6115590386
255,,남성,7420566.903587971,11,1156524.854956573
256,33.0,남성,5680301.45227097,1,981170.0282372796
257,50.0,여성,4633765.047064027,11,1772856.1488296087
258,26.0,여성,6446130.752432536,19,625428.3676531995
259,23.0,여성,6784205.733386961,9,568020.4415823933
260,33.0,여성,3158588.277294511,2,308273.24096567195
261,46.0,여성,5896100.104774787,12,730006.1821371549
262,20.0,남성,6051759.113466348,4,454012.26266692276
263,37.0,남성,4553654.744960012,4,1109037.754326362
264,53.0,여성,7063560.2199674295,18,1010473.6827625717
265,36.0,남성,4774916.61945121,15,460462.24996601185
266,43.0,여성,5188364.680207313,19,1294569.6795139862
267,20.0,여성,4740392.263574196,13,1758406.4335649367
268,36.0,남성,5023368.571372202,19,1178919.1743355119
269,37.0,남성,3355587.369657197,17,271749.09147773683
270,49.0,남성,2839923.6761085587,6,1993565.4853350525
271,24.0,여성,7391757.594837459,16,1373461.7345355297
272,69.0,남성,3729557.9775225082,12,1978209.1265942254
273,58.0,여성,3512911.4758155392,19,1545361.793074917
274,50.0,여성,1769914.8295944277,5,1645257.7094352795
275,57.0,여성,4041557.3784657465,17,1102633.4468005423
276,56.0,남성,3015365.309888752,1,868851.9939050836
277,35.0,남성,7463022.740204554,10,1186740.5938660803
278,57.0,여성,6514725.634013951,15,645607.4598767303
279,18.0,남성,3967774.4822334144,11,1216940.4254501162
280,28.0,남성,8378653.708016463,13,313393.12867535534
281,45.0,남성,6472648.230487391,5,1021466.1226072065
282,42.0,여성,,1,1672338.0600510663
283,67.0,여성,1250891.4276896403,12,1047154.2894644829
284,40.0,남성,8436413.858886112,11,1863741.369015494
285,48.0,여성,2915641.299854606,17,868127.3060756974
286,47.0,남성,2531901.8795646625,4,1501325.456493914
287,59.0,남성,6533855.648014461,15,560864.963163317
288,52.0,남성,8659628.60950891,9,1480978.3097776892
289,24.0,남성,7076409.227765777,19,1116297.454113908
290,33.0,여성,5845863.680078539,19,890124.7520786356
291,43.0,여성,5892131.512497929,12,286941.0575322099
292,65.0,여성,6280123.338170461,5,872811.612097225
293,69.0,남성,6138392.884680148,10,1106726.5096399053
294,66.0,남성,5421787.135954063,17,1414354.7176099587
295,19.0,남성,5156301.655927815,5,1780474.8995495336
296,18.0,여성,4906110.308150716,16,2017516.3506829555
297,,남성,3869053.1166999857,7,1623133.6715614921
298,29.0,여성,4578987.384699839,9,718954.8373479028
299,22.0,여성,2460564.7787069217,3,847597.9552411304
300,54.0,여성,4852490.559807875,15,1369457.7355218416
301,49.0,여성,3517113.339273624,16,1259807.229923901
302,26.0,여성,3344616.0241763433,18,1814172.9796956808
303,58.0,여성,5269841.226730218,14,2239694.7093549557
304,52.0,남성,7088003.4295168985,3,2133590.0975491116
305,36.0,남성,6377474.90900347,12,1746969.0998991723
306,65.0,여성,2644249.0945652346,9,1263951.3244714485
307,33.0,여성,3515557.7951444937,7,1674662.531472922
308,20.0,남성,6411156.781982324,9,1830720.506864198
309,37.0,여성,3526268.9096925356,13,926349.8013724908
310,41.0,여성,4663050.275004463,18,733669.5137456204
311,50.0,남성,5825078.148536827,5,616289.4999641626
312,41.0,여성,3547483.317704547,13,561807.6332773484
313,69.0,여성,5158063.25921894,4,309002.33870340465
314,28.0,여성,2998961.7576226937,2,1124950.8545588637
315,66.0,남성,4097948.5340731796,16,500123.59945593413
316,,남성,5479672.901213805,9,608238.9079323089
317,53.0,남성,2610509.399702496,9,1350627.7795883636
318,55.0,여성,5660712.106940598,6,1090804.533126755
319,57.0,여성,4970543.301609978,11,1214812.4703168373
320,37.0,남성,5828734.931625722,1,1682574.3809460406
321,52.0,여성,5335871.201096992,4,1432264.9542703975
322,65.0,여성,7046210.644960767,13,1759443.2907263315
323,42.0,여성,5187836.753971861,13,1039988.2473890353
324,52.0,여성,4355891.688312121,13,1805895.295656198
325,42.0,여성,5183446.254548426,2,1179868.3821787299
326,46.0,남성,5814947.043554582,9,1084353.1305476015
327,35.0,여성,5073290.105488556,8,1730763.1031382517
328,63.0,남성,5060887.536805823,7,563923.1604033525
329,35.0,여성,3947012.468289867,4,2011800.2837712378
330,19.0,남성,4005648.623673578,18,858949.989981357
331,52.0,여성,2896092.0923004597,3,390946.01422533917
332,33.0,남성,7624365.114780409,6,1326750.976027931
333,58.0,여성,3134205.146913072,12,811339.2449408697
334,53.0,남성,3960642.203306139,12,2012903.5459556254
335,50.0,여성,3922389.1016462035,8,783549.5906074264
336,21.0,남성,6342386.565416662,1,1157224.458675981
337,50.0,여성,4557575.482561958,4,287203.3422609485
338,31.0,남성,6871613.1090106005,11,1406457.1224487356
339,38.0,남성,,3,611304.9620705477
340,65.0,여성,,13,1346662.3451663004
341,37.0,여성,3746979.420110364,17,785827.3801470691
342,25.0,남성,8217723.691660082,10,23467.343361399835
343,24.0,여성,3218602.371455731,12,1065595.0451719416
344,20.0,남성,5464731.065340541,15,1043214.2585392176
345,34.0,남성,5950665.321398147,10,1440535.7868113066
346,50.0,남성,5620698.646177247,14,1778000.285919602
347,65.0,여성,4722068.511683438,13,1956204.7049583993
348,29.0,남성,4805268.950399861,5,1432077.106735443
349,68.0,남성,5065717.207968664,6,1139309.5960329592
350,39.0,여성,4779496.997557268,2,286333.20524226734
351,39.0,여성,6445818.6751923645,17,1101010.4684950036
352,63.0,여성,8315784.502387026,4,1107470.0849694663
353,,여성,4163762.3224882497,14,900679.870171986
354,55.0,남성,2945295.530631383,10,1316483.8253004043
355,55.0,남성,4867576.927473118,3,1560952.8554910673
356,62.0,남성,8869564.006481478,3,590798.0347356581
357,68.0,남성,3794488.148045404,15,583007.8229002664
358,,여성,7458675.208166101,6,930353.9941116854
359,44.0,남성,7516551.221114662,17,692385.4046460384
360,44.0,남성,4169617.637438008,12,179373.39882006857
361,51.0,여성,5853474.618777913,11,501703.6318385242
362,38.0,남성,7442594.9346928075,4,383839.42648127966
363,47.0,남성,4431308.388518769,6,1604225.2540090764
364,50.0,남성,4694629.4598464575,1,1851413.5030046392
365,45.0,남성,4127478.6290770345,16,452283.2713527066
366,64.0,남성,3477864.9039606997,15,1273036.7565685557
367,50.0,남성,4026083.6824009893,17,1436758.2122348754
368,22.0,여성,3164089.599856615,8,253865.6066700681
369,65.0,여성,5051125.202388839,12,1080489.4735894997
370,36.0,남성,,10,2266758.082673263
371,21.0,남성,5350678.867686122,15,1338573.4331788155
372,52.0,여성,2666156.530694559,9,877349.7293337347
373,66.0,남성,5496320.348321686,2,719906.7373908955
374,34.0,남성,6250293.442413387,5,11230.792360447347
375,61.0,남성,2009396.5361428168,6,1235236.828058366
376,45.0,여성,5561084.854771358,7,1973908.3936271577
377,47.0,남성,6841503.488709938,1,593228.1228010396
378,46.0,여성,3185538.471963192,7,32207.66024146939
379,63.0,남성,7508858.580256555,12,667887.9093233878
380,23.0,여성,5628528.514049068,16,1440799.8729891041
381,52.0,여성,,16,785749.9975889573
382,58.0,남성,4916346.383513441,11,589765.9535434559
383,54.0,여성,5837490.368782584,4,1009577.4575289295
384,41.0,남성,5114008.087118617,13,1114850.3735839275
385,46.0,여성,5808133.988669554,7,305804.92961415276
386,66.0,남성,3618989.6103809504,4,891358.1515315882
387,63.0,남성,5254041.236054117,15,751366.1930388308
388,48.0,여성,2879428.25464253,19,679547.8253759586
389,52.0,남성,4833160.90797695,9,491481.66530427604
390,50.0,남성,3644138.5378028154,11,1470628.9273973987
391,69.0,여성,3896705.08611535,8,677806.5356009861
392,38.0,남성,6854139.762815656,1,2527.3570933573646
393,,남성,6636965.180891404,8,1132148.9109877166
394,40.0,여성,5913707.181360765,13,1362599.7363365921
395,50.0,여성,3361530.8529911316,4,601991.9673920613
396,20.0,남성,4525387.325457797,8,720168.6551080169
397,35.0,남성,6819646.549968775,3,675473.1397858136
398,42.0,여성,5212575.370459857,9,826673.3192849448
399,59.0,여성,8478994.309972541,2,1553425.091094911
400,48.0,남성,,2,942970.4138138217
401,20.0,여성,5288073.674735047,13,1419796.7728336027
402,57.0,남성,4536325.303696248,15,515584.18422662356
403,63.0,남성,5200311.357173423,12,808154.7902095078
404,41.0,남성,4771295.245429184,4,1477006.9079236533
405,67.0,남성,6062163.015032886,8,597197.3007868703
406,,남성,6435053.475191876,9,1506068.2304542654
407,64.0,여성,3821015.8092380757,5,685807.954502431
408,39.0,여성,3003150.569663333,18,839168.7424707903
409,,여성,2245691.940345055,11,1835081.2936744625
410,19.0,여성,5761986.990368815,15,782090.5114168843
411,44.0,남성,3344950.0907391896,9,1072672.9013753175
412,59.0,남성,1770664.110571276,17,1308218.2112608682
413,19.0,남성,5582867.906796446,12,1113254.3248360057
414,43.0,남성,8739499.276149185,7,1127526.6744447884
415,34.0,여성,4990893.63269016,10,971730.1280091328
416,57.0,남성,6257736.161677463,10,348880.3954918386
417,50.0,남성,5122744.037821348,13,1174144.6650498793
418,26.0,여성,4851665.520213286,19,633765.7714941729
419,60.0,여성,6378614.724481653,11,1387883.6087015884
420,65.0,여성,4564588.183717023,13,1686030.711974843
421,56.0,여성,5401088.4711078545,8,97221.36929149227
422,46.0,남성,5482546.70929402,8,1686903.913713552
423,59.0,남성,3997864.319535427,4,794471.1040664783
424,43.0,여성,6488063.524304784,15,934525.3889077636
425,52.0,남성,4737560.364956887,11,543806.2737438051
426,67.0,남성,3866382.260760733,11,1094233.8645331385
427,42.0,남성,5804764.765355606,1,1033407.4415887027
428,41.0,여성,3652298.027313444,17,1538461.4126464252
429,30.0,남성,5042271.736053692,15,629303.3616848714
430,24.0,여성,4986321.505033695,6,1830401.2009689545
431,53.0,남성,6628843.348747367,15,1332357.0431544448
432,62.0,남성,5712047.349319929,9,1045484.4883877045
433,37.0,남성,4962459.5618822845,14,909607.8180522545
434,18.0,여성,6226649.448800431,18,846715.2764330748
435,25.0,남성,7085311.32352597,17,879328.1127967476
436,63.0,여성,5836715.459527793,18,1084200.9784677369
437,33.0,여성,5015528.929765071,5,895500.0196531338
438,31.0,여성,3032245.651474761,9,679735.2717462564
439,29.0,남성,3402329.505386941,11,1087229.6474183511
440,68.0,남성,4542162.943467999,1,581855.9406373063
441,40.0,남성,4085731.6967610754,18,1161233.4505008736
442,32.0,남성,4719543.045521831,6,888466.4822596292
443,45.0,여성,5084974.8873456605,2,1348365.454615922
444,51.0,여성,5794539.131535096,15,1494537.1053477384
445,19.0,여성,4894251.832911363,14,1494340.2801723694
446,49.0,남성,5729752.465739303,5,1159052.528026313
447,40.0,여성,5096711.622215181,6,1217415.6103834226
448,39.0,남성,2036800.1504691932,6,838624.4869407823
449,68.0,여성,3590996.909271869,18,1338819.8442416738
450,42.0,남성,4783868.666417576,14,1395250.6803308616
451,39.0,남성,3185457.8857383383,10,216335.423237736
452,39.0,여성,5899893.094994307,14,1189173.5978036318
453,66.0,여성,7296126.248515546,13,1684064.9038544334
454,69.0,여성,6828142.7775459755,3,821854.8526976078
455,59.0,여성,,6,712726.5119330604
456,23.0,남성,7236089.205274928,8,790068.2694568404
457,32.0,여성,5223001.1858031675,12,247562.00358543673
458,60.0,여성,4494371.043322941,13,1062991.9772244552
459,54.0,여성,,11,1014982.7200486257
460,50.0,남성,,12,1098513.4164386503
461,25.0,남성,4417734.772188157,1,1207988.310608901
462,61.0,여성,5255624.333563232,17,601003.2989092618
463,61.0,남성,5240860.971574797,16,1136599.599511022
464,22.0,여성,5004569.030230122,11,1221599.329957865
465,56.0,남성,5655407.254619525,13,755804.134591484
466,21.0,남성,6785969.412179512,18,1210058.9991259864
467,23.0,남성,6424331.203161986,11,1040353.3131933707
468,62.0,남성,2772653.0473251445,12,684405.1152783099
469,,여성,1169118.2976470678,6,1141394.3482418384
470,69.0,여성,6401479.866858911,9,854644.6283233903
471,47.0,여성,2949681.9523768686,16,1348532.6370071936
472,64.0,남성,4662851.897160974,4,880416.8099654812
473,52.0,여성,3244830.460910961,3,355117.2091174701
474,57.0,여성,2297029.3436299707,16,1133493.4927638255
475,69.0,여성,5812194.092307182,12,1114701.6239157172
476,33.0,남성,6138732.740453971,11,459431.4436011693
477,30.0,남성,4135234.398909921,5,1375268.0577176528
478,67.0,남성,1113436.5617826353,18,1349110.4180677393
479,59.0,여성,4180633.327621276,19,565009.9037625457
480,47.0,여성,5587706.00810382,6,670186.8494700443
481,36.0,여성,2781632.646838807,18,928996.1934852366
482,34.0,남성,5275039.879668733,6,620573.9344811811
483,36.0,남성,4977035.226240506,4,1320198.5924558388
484,45.0,여성,5868937.249401633,12,1074485.974663605
485,43.0,남성,5179370.55262123,19,453221.42705588206
486,54.0,남성,3540396.588677667,2,588764.543575355
487,43.0,남성,6794857.252496737,17,1593859.5885832007
488,40.0,남성,4762205.640459545,11,1767781.1889577075
489,26.0,여성,4959043.190735103,11,1269364.4880262543
490,29.0,남성,3600098.061390206,16,894362.372424843
491,18.0,남성,4335076.623212734,2,780018.5437967117
492,18.0,남성,3672795.9289596486,2,1274849.7091555025
493,64.0,남성,4740580.910114866,8,1037960.2671297434
494,51.0,여성,7567562.720213516,13,194964.2762928116
495,49.0,여성,2942148.2856029654,10,1515933.9912674152
496,65.0,남성,2579657.9031848884,8,1672901.6336814347
497,42.0,남성,7206755.491240413,4,1368626.266471599
498,57.0,남성,4686014.484272201,15,454194.4026858959
499,62.0,남성,3996390.8920101253,1,681586.7751383302
500,18.0,남성,6559857.031094115,11,71140.06932114437
501,33.0,남성,4091576.6903947038,7,1798024.245697778
502,56.0,여성,7739014.570320404,17,821630.718370486
503,22.0,남성,6016888.8070089035,18,2166644.660824891
504,39.0,여성,4268132.887781446,12,1977615.015453889
505,46.0,여성,8235962.319898255,9,548286.7918155282
506,20.0,남성,4091427.6154949926,5,645866.1302984933
507,29.0,여성,6113143.058013961,10,1233095.17117356
508,43.0,여성,5448938.870609738,4,122728.94806686486
509,33.0,여성,6952611.934098197,5,780870.4413107191
510,68.0,여성,7342266.795090279,10,730920.4993966357
511,54.0,여성,5048006.22359865,11,1925582.9709733543
512,39.0,여성,3869873.1944807246,10,1080508.942752228
513,46.0,남성,5689958.214408674,8,857616.5112314019
514,31.0,여성,3983426.945371841,2,684257.6336573495
515,45.0,여성,8020080.871289935,8,1447024.798662397
516,22.0,여성,5204802.996624107,16,751644.5880347958
517,64.0,남성,4452017.673031837,5,974858.51281875
518,66.0,여성,,3,680438.2387640178
519,47.0,남성,2979310.5657054554,12,241231.43399230286
520,63.0,여성,3542578.9422340225,13,501982.4361486681
521,69.0,남성,6800620.861916638,13,749014.1463176532
522,22.0,남성,4014658.5815429064,10,868372.5848681855
523,29.0,여성,3429633.525977091,4,890288.0370382464
524,33.0,여성,5804979.128790929,9,955540.1497406189
525,43.0,남성,6778556.231994496,2,755656.1849244954
526,43.0,여성,6078429.9659976,19,1674563.174084203
527,65.0,남성,6494071.528708724,1,1473992.059928491
528,38.0,남성,3864807.367145809,7,932445.3664045809
529,56.0,남성,2867283.9998872345,17,1127129.139870498
530,53.0,남성,7252000.47793323,3,813955.8792735224
531,50.0,남성,4515980.241736797,3,421742.6460258877
532,47.0,여성,4623750.475317429,3,1010246.5064630124
533,,남성,6992291.212773587,17,1152807.180625608
534,40.0,남성,5834345.01410099,7,193669.12097988627
535,27.0,여성,5683831.658122411,14,1249705.5345973014
536,22.0,남성,8247503.5173516255,17,859711.6610275954
537,53.0,여성,4034722.6544297854,18,1168966.860317331
538,51.0,여성,6391760.192121856,13,874800.6763149571
539,69.0,여성,5085519.687345627,18,1625477.2371134246
540,48.0,남성,,4,1113114.4102920434
541,27.0,남성,,1,1501208.2293360035
542,36.0,남성,,18,1542363.0710874726
543,49.0,여성,5807444.11857445,1,440222.13695579476
544,18.0,남성,6608761.005964704,13,630491.5649894262
545,22.0,여성,4452570.905685673,10,1225805.341363128
546,62.0,남성,3741185.4989914903,11,817231.3581209139
547,21.0,여성,3432786.2089684494,9,880696.6153718521
548,33.0,남성,2050465.1159359976,9,1643282.4110853048
549,41.0,남성,8084310.694910483,5,844816.8109039649
550,33.0,남성,3345187.451417475,1,515535.32587570883
551,19.0,여성,4668119.564621342,17,583099.9991822026
552,66.0,여성,4584780.050166619,2,2091178.2505963505
553,45.0,남성,5461110.046713651,13,910890.2598073815
554,49.0,남성,6223605.818808945,9,317876.12239104474
555,44.0,여성,6290710.232539618,4,115270.70234170277
556,37.0,여성,4125383.842146592,5,687681.6786629432
557,41.0,여성,4749317.429320383,11,901738.9402863083
558,29.0,남성,5423869.92573245,19,1474586.8532138362
559,67.0,여성,,3,1426172.5832308836
560,52.0,남성,7411018.364029989,12,996826.7894635824
561,50.0,여성,5736462.427457377,19,772915.7069202055
562,50.0,남성,6102316.679074726,19,1169800.926710845
563,68.0,여성,5994321.903001119,13,125626.96193180606
564,60.0,여성,6760210.786227987,7,1990540.4469646087
565,54.0,여성,5271532.33805556,15,1327052.7979283056
566,29.0,여성,3054752.0780662303,7,1433495.1098641362
567,20.0,여성,5599531.927628962,8,462923.30906169466
568,18.0,남성,4022964.6593122566,5,1641324.3206482981
569,50.0,여성,4207074.977375365,14,769991.4194868524
570,57.0,여성,5879546.02813264,4,523720.9385907183
571,27.0,여성,6857424.607150454,10,980413.8146968902
572,60.0,남성,5031907.365104092,15,968722.457005813
573,61.0,여성,5463249.518898446,18,460731.4637440017
574,46.0,남성,7553322.416952857,13,552531.3232293173
575,30.0,여성,5361129.769232852,8,513384.11233597493
576,29.0,여성,8902524.671270592,9,518142.46607158764
577,48.0,남성,5848264.468447316,16,805951.0464501998
578,63.0,여성,2358855.8612662735,19,305507.4319137711
579,19.0,남성,6130012.431656798,16,654312.7512930322
580,68.0,남성,5571737.577324167,7,1522567.2741921346
581,67.0,여성,6934629.131124118,14,1411654.726052092
582,52.0,남성,6009772.026904938,14,475060.3795536227
583,,여성,4792316.024024339,4,1479102.4586471168
584,34.0,여성,3163552.6455659512,15,16780.365431975457
585,43.0,남성,4686465.114070962,3,2214572.1610060767
586,25.0,남성,3724219.31868605,5,1650156.5960677962
587,46.0,남성,4129214.825292916,1,720134.0439299466
588,43.0,남성,5882867.606630914,3,1191213.280867555
589,27.0,여성,7504856.756527109,15,299540.33594543545
590,43.0,여성,5592007.2947344715,8,1030221.3949629067
591,51.0,남성,3206175.4069472235,4,908168.4837487666
592,68.0,여성,5666904.002330211,2,582618.3053038022
593,58.0,여성,6794947.229968477,10,765721.2568370705
594,24.0,여성,4085325.6435209266,4,716506.2620952865
595,21.0,여성,4798974.249990623,3,434131.64034118236
596,67.0,남성,5022032.292093796,2,570926.3770516685
597,62.0,남성,3822652.53037664,17,279077.7870001438
598,28.0,여성,5972420.650765789,13,1428665.3827803088
599,46.0,남성,4818577.777088327,5,533943.6267718655
600,53.0,남성,5629298.665860541,9,388989.56421492295
601,42.0,남성,3668761.7332968498,6,1420752.3399079985
602,38.0,여성,4343812.549514884,5,1184810.177169665
603,53.0,여성,6083572.036741657,10,1402250.5279744796
604,27.0,여성,4440750.2718623495,8,1458041.6120983271
605,54.0,남성,7590445.776850108,7,1968727.448469212
606,26.0,여성,4400545.721578097,7,921980.1166534078
607,41.0,여성,5337027.088627829,6,271196.16050224623
608,52.0,남성,6398886.247809635,3,1135518.9003810626
609,66.0,여성,2872451.4006004524,19,665497.6885600913
610,52.0,여성,2358786.782028836,15,521247.3583422296
611,65.0,남성,2711515.528144858,4,1049962.5861086205
612,53.0,남성,6893876.155140773,12,1432876.366504795
613,35.0,남성,4172212.7811613297,6,582002.5792018583
614,66.0,여성,8837298.928502379,19,1637194.0436658594
615,56.0,여성,4153628.602013917,4,505193.02049859206
616,49.0,여성,5276826.954795555,15,878048.3893372684
617,41.0,남성,7313164.928851813,9,1193153.940890434
618,40.0,남성,8009139.332238684,5,806050.3956579709
619,49.0,여성,,13,111998.83053073159
620,54.0,여성,6812549.345889714,18,1463703.7458944025
621,29.0,남성,,5,688267.8298219864
622,,남성,5888790.423801774,16,1372449.2246968464
623,30.0,남성,6167541.614249957,19,367927.9324861689
624,40.0,남성,4173221.4255072,14,453281.7089517941
625,42.0,여성,3772701.6748665394,16,1431216.7047776785
626,52.0,남성,4994938.313883572,15,1170254.0463710118
627,58.0,여성,4744723.066212608,4,780707.1446576617
628,47.0,여성,4320157.926009087,7,1177515.7990854187
629,34.0,여성,6044581.1711850725,16,522980.432227821
630,66.0,남성,6432957.812855766,8,1055129.5587444545
631,37.0,남성,5132610.329437771,17,1064276.9616950327
632,65.0,남성,7216295.121582893,16,813109.1974044857
633,42.0,남성,3287466.3287997423,10,582357.1472046208
634,39.0,여성,4709510.811080423,10,1035124.2891073968
635,30.0,남성,3924766.5190957924,2,972509.4283495509
636,36.0,남성,2200195.07439041,9,767088.9605401955
637,66.0,여성,,17,483092.76490962494
638,53.0,남성,4817378.737425075,11,1006238.5246677337
639,29.0,여성,7270174.614863196,10,768338.8175816971
640,58.0,여성,5946217.526832166,17,482671.1897815333
641,36.0,여성,3463719.7635061927,4,1021764.9053790556
642,29.0,여성,7781138.849501282,16,1804152.736027693
643,26.0,여성,6831550.54328803,15,816586.167046461
644,24.0,여성,5873146.555202924,5,1748888.2706210115
645,45.0,여성,4660273.851725252,6,2057165.8573650478
646,31.0,여성,,17,523290.5488111624
647,48.0,남성,4441689.8358934205,1,1004522.1040994822
648,69.0,남성,6633122.9295562785,19,2051865.9589081546
649,36.0,남성,7826879.458901914,4,939460.019295478
650,64.0,남성,7314865.292408284,17,1018406.0728827
651,33.0,여성,4266725.867320589,9,164997.26281255414
652,22.0,남성,3320573.850066483,2,734169.0498401661
653,52.0,여성,5211329.370366806,8,1277794.3423344686
654,29.0,남성,2347340.9516557227,15,2214641.321475625
655,42.0,남성,5484751.571277172,7,901996.5832641547
656,69.0,남성,4778596.120551997,6,168686.8388743226
657,38.0,여성,4300945.247197636,1,297375.4046133455
658,53.0,남성,2607945.399099807,15,982105.1570308516
659,40.0,여성,5770400.159854575,7,1588603.3990261245
660,33.0,여성,4200948.740507133,17,1318676.8414376976
661,56.0,남성,3245124.746434568,2,1230127.9317550631
662,62.0,남성,691606.6800775258,9,1654572.193458798
663,59.0,남성,4958727.642424046,9,639885.4562405243
664,56.0,여성,7658377.395004616,13,1009547.3599787827
665,31.0,남성,7491888.821821805,6,739808.9398988023
666,48.0,여성,4314355.6151205925,6,864272.1322739632
667,22.0,여성,4096681.909457329,3,496865.32283725747
668,52.0,남성,5703161.384112536,17,828011.9642831021
669,40.0,남성,3502421.8412175626,17,986142.2168773005
670,46.0,여성,5452687.849729199,12,814264.2500692249
671,60.0,여성,6149120.417577036,16,919469.2484930991
672,28.0,여성,6840399.835826461,15,1202520.271718593
673,35.0,남성,4849768.885280071,13,1619347.8845321997
674,64.0,여성,4694489.374734551,1,1655577.9340562988
675,29.0,남성,3683026.1198651586,17,1380710.883698496
676,26.0,여성,3759679.4689402096,3,370009.26078084204
677,27.0,여성,4660281.66214771,15,819795.0072150732
678,61.0,남성,5551048.260224267,4,862857.4846436993
679,34.0,여성,6370376.939349874,4,671425.0846057178
680,55.0,남성,,18,1171175.5895148034
681,24.0,남성,7239032.853439283,17,202835.7533592711
682,63.0,여성,4593314.598436147,19,1846783.2347641457
683,30.0,남성,4967949.058477346,11,1597610.3357608574
684,,남성,3879182.481278265,3,1239101.1309508788
685,59.0,여성,1363639.6095905877,8,968945.3350399077
686,26.0,남성,6326068.094541575,14,1614419.6475362766
687,67.0,남성,6105265.84563865,1,1344702.4683901337
688,44.0,남성,4578008.66432268,14,1553318.8921090462
689,19.0,여성,5100486.075837308,2,970473.95887008
690,22.0,남성,5773908.826556149,4,1894656.5429320836
691,46.0,여성,2656181.214670186,19,1583443.9378449281
692,54.0,여성,4206420.983980558,6,1254768.1477179658
693,55.0,남성,6191397.01943274,1,1627986.4602155774
694,36.0,남성,3118565.865246126,17,790419.0290830139
695,25.0,남성,5440336.898249944,8,416249.8203264867
696,65.0,여성,2965127.2930648923,19,1160775.2565237377
697,62.0,남성,5699644.97365029,1,971454.7770932656
698,18.0,남성,4946537.776553774,5,901141.3288611855
699,39.0,남성,2577302.2761417357,16,1608156.0196747016
700,69.0,남성,6747109.0316857565,6,1083569.606605315
701,34.0,남성,3898112.6348029263,8,1131784.5367677421
702,24.0,여성,3784621.3444784284,13,836473.7206229519
703,42.0,여성,5300853.795846414,16,1440561.5696397629
704,62.0,남성,6722956.024143073,3,1350937.8906539597
705,21.0,남성,3476267.2715324042,19,1436829.8384471468
706,53.0,남성,5092519.774771958,12,751368.0166819107
707,23.0,남성,5643224.750495859,16,1652044.2300234975
708,48.0,여성,6039658.410894716,11,1919384.2118831864
709,36.0,남성,5264662.332915838,10,1421019.1986623527
710,61.0,여성,4449458.241375016,4,595355.8563778545
711,56.0,여성,3758614.6690269206,12,598898.8578818995
712,44.0,남성,5129215.824569562,2,812311.5222034561
713,27.0,여성,3391791.4820215898,19,717811.3929907396
714,43.0,여성,617974.2747580893,5,964453.6871563677
715,36.0,여성,5654839.706236502,8,1316221.2331839239
716,56.0,여성,6355902.261629293,7,1144976.2203749244
717,20.0,남성,1455601.3466872424,14,1101144.5281931444
718,62.0,남성,3485403.942935094,3,879398.6250999272
719,30.0,여성,5928731.391507797,18,963077.0364177254
720,67.0,남성,8086243.204567548,16,1398287.7537645008
721,45.0,남성,5031190.561513112,19,5979.013749907375
722,37.0,남성,,19,994304.7957606342
723,45.0,남성,4725655.33834274,18,1143993.7974636625
724,25.0,남성,7062314.6287222775,16,1391791.5342736463
725,58.0,여성,4031053.731313197,8,494977.0303580878
726,56.0,남성,3801211.9900246197,1,468545.15877344063
727,18.0,남성,4275884.716726951,17,1291977.4974390669
728,20.0,남성,3570007.0876119314,12,47773.87987154198
729,30.0,남성,5184005.473992193,11,1666094.5553803928
730,45.0,여성,7437017.6877043415,5,1113295.9957464053
731,66.0,여성,5484618.909674044,12,1779360.6064217184
732,42.0,여성,4621469.7468105685,17,456463.8117152435
733,50.0,여성,4562283.096626684,6,781820.2656408797
734,55.0,남성,2655213.7869550143,1,203934.16346344282
735,23.0,여성,6324664.6657207385,5,602155.1185023619
736,61.0,남성,4883244.204480797,14,908076.5596390604
737,62.0,남성,4729280.129614062,5,18646.209995781654
738,49.0,남성,9789661.35176729,1,802686.5939008003
739,62.0,남성,5448129.362548529,18,6329.911569877877
740,64.0,남성,3872313.4248572234,16,871269.9075442874
741,38.0,여성,4360463.605691685,9,1573555.9635541183
742,33.0,여성,6722668.563795133,19,982510.1249429387
743,38.0,여성,5169905.615806647,5,1829103.6863059015
744,28.0,여성,2842583.03252395,2,1393146.281697305
745,54.0,남성,6378843.401862806,15,1674073.9243034855
746,53.0,여성,3997783.871691509,7,617527.3795608582
747,52.0,남성,7809946.664326319,4,605429.1858036988
748,36.0,여성,6620072.098571973,1,1172806.7081926842
749,37.0,남성,4329017.156511873,13,211148.95418357046
750,35.0,남성,6921524.542602669,7,1235571.8748810452
751,64.0,여성,5101783.265791105,15,838040.0917265352
752,58.0,남성,6279160.512683329,14,1664998.4187733284
753,66.0,남성,5727099.225941712,19,1339756.1270397054
754,31.0,여성,3730465.0175136896,18,1548353.2151700635
755,32.0,남성,,10,622896.9593024764
756,48.0,여성,6544941.226371742,9,1524105.134380864
757,18.0,여성,4497837.001840189,8,1722356.2471821415
758,20.0,여성,4394527.305137005,10,980643.0883098296
759,33.0,남성,3567316.1309759705,17,630324.6903167559
760,40.0,남성,5635398.598390192,2,639106.3993827952
761,28.0,남성,8093787.378864718,6,1619506.4960079824
762,29.0,여성,3398700.6286185905,5,2342172.8712116554
763,27.0,남성,5036329.185009137,9,509177.464912389
764,,여성,7118330.833123144,5,470739.97497871984
765,33.0,여성,4880537.913131427,18,1460707.0903372394
766,25.0,남성,5678557.6943746,9,623043.2353166777
767,55.0,여성,3406409.7077796804,17,1509177.6921141348
768,29.0,남성,5642460.645811473,17,1232673.0867633228
769,41.0,남성,4719283.602493177,12,988011.348751018
770,45.0,남성,6478594.993519794,7,1220635.767260844
771,25.0,남성,6781079.077347127,3,1190099.184576697
772,45.0,남성,8884345.46302792,10,910196.7511069122
773,53.0,여성,5869449.7598203635,2,121819.48418075277
774,43.0,여성,5488694.474873249,3,1089325.3642945173
775,25.0,여성,5291576.452366004,16,1786530.1830320822
776,67.0,남성,4470250.560783967,2,195615.66839773825
777,45.0,남성,5507725.765192537,10,517107.48993052763
778,45.0,남성,4556897.884791456,6,1213413.4873830054
779,54.0,여성,5252691.464404422,11,1019295.9313661403
780,58.0,남성,6976396.303411939,7,1205591.0797921447
781,53.0,여성,3490186.152080538,15,650340.8960861689
782,44.0,여성,,6,1581229.143296153
783,34.0,남성,,9,1023450.2828451055
784,26.0,남성,4822897.209513382,12,1348492.7611715284
785,50.0,여성,1817217.6514871083,19,1160138.7054855481
786,37.0,남성,,3,1087747.4839804962
787,30.0,여성,6945491.819841664,15,1313416.828514065
788,45.0,남성,4965697.906551677,2,1093243.9769834753
789,65.0,남성,3501046.6515576337,2,404900.485952244
790,46.0,여성,4242837.618157674,3,1543678.4128579823
791,30.0,남성,6260930.03975683,6,1409063.643124092
792,63.0,여성,5820100.352302069,15,53425.195678904885
793,52.0,남성,4641601.851245458,10,672899.8575621613
794,23.0,여성,,9,1521180.2312464034
795,35.0,여성,4412362.776434267,1,86535.72676108312
796,68.0,남성,3616384.723252246,16,1471783.4409503723
797,22.0,여성,7423063.534204163,6,929388.7321728747
798,64.0,남성,4516519.29618299,9,1670141.2851669956
799,42.0,남성,6825737.781238245,4,999426.6054622682
800,19.0,남성,7281974.077883678,2,638966.0035021862
801,27.0,여성,6497466.347221941,4,1154042.8303795704
802,47.0,여성,4352569.530922927,1,984807.2552450069
803,67.0,남성,5605595.135504914,19,594574.4329296597
804,62.0,남성,4963706.590413625,10,2109171.741505693
805,22.0,여성,3644447.2089048075,15,514450.90920784266
806,50.0,남성,5486538.922582405,19,121477.68752989708
807,18.0,남성,3231440.3132602964,16,1790849.4840607462
808,35.0,여성,,4,708218.2638420367
809,49.0,남성,4303074.054052411,2,851613.3695171522
810,64.0,여성,5301739.483809259,13,821046.9676854829
811,66.0,남성,5424931.807319214,1,715174.2829208369
812,28.0,여성,4611642.539443884,17,616903.764368277
813,38.0,남성,5880040.702212912,13,501591.34875151777
814,43.0,남성,4287644.515066213,4,1032379.8808522829
815,42.0,여성,6306945.946185866,7,799006.2211621825
816,39.0,남성,2981030.479629877,17,1365181.0951669733
817,44.0,여성,5189569.369319618,9,1241347.025808077
818,66.0,남성,7908393.498587428,4,536243.9032372979
819,30.0,여성,3499503.0130916378,19,1054260.6380361782
820,50.0,여성,3983382.5442127227,1,791080.8379393234
821,51.0,여성,5770861.774488373,10,504169.7786831672
822,58.0,여성,5269372.672909397,4,1344715.7852575663
823,52.0,남성,5525945.148910339,9,939337.3603458176
824,18.0,남성,5733780.695221495,13,796224.9899147605
825,38.0,여성,,14,572216.3817883604
826,65.0,여성,6664549.762934335,10,486031.6194633305
827,23.0,여성,5614727.985392769,6,1994384.011957273
828,45.0,남성,4638113.518072186,16,1167059.3248149983
829,34.0,남성,6008860.551804097,6,454435.48139859166
830,22.0,남성,7849822.902342823,17,1143932.9491614064
831,48.0,남성,4801049.38042614,10,1531008.0883977688
832,22.0,여성,3538206.0429940377,18,1083758.8062650212
833,55.0,여성,6660621.003930459,18,1687010.6710665622
834,20.0,여성,4819428.254069603,3,228593.4289650165
835,40.0,남성,1740995.680978946,15,4338.9763098947005
836,54.0,남성,6271132.515725632,15,1130258.7109268766
837,54.0,남성,4197007.721069116,4,1138248.0716869417
838,27.0,여성,4864200.076543759,9,669750.089127121
839,27.0,여성,5497970.495853522,19,688211.9543989925
840,36.0,남성,5285749.5196686,17,495668.8428082724
841,34.0,여성,6064177.725708559,11,304026.8796484218
842,38.0,남성,4346770.444145235,9,494479.11769509455
843,31.0,남성,5769658.697264124,10,1297893.9007996798
844,26.0,여성,4610679.983624124,18,491297.48935514584
845,63.0,남성,6108215.721331255,13,508438.9327090792
846,18.0,여성,5923051.22601958,8,190597.34557116043
847,68.0,남성,3596841.946933107,7,1634454.821257913
848,62.0,여성,6628973.174262548,17,1217316.1827353172
849,30.0,여성,4196054.832328928,15,246178.1014514505
850,21.0,여성,6212086.697421717,15,508879.96038840676
851,18.0,남성,5550930.970102011,1,1264258.942197463
852,66.0,남성,7757275.515192684,14,1640696.2744914184
853,57.0,여성,4664801.026442221,5,1420419.3796833283
854,49.0,여성,4476024.805822704,11,822158.5448710572
855,51.0,남성,4970870.591168401,16,34311.569603480864
856,45.0,남성,4545230.325748587,2,1435124.496955655
857,48.0,남성,6199912.852913075,8,851551.5743397478
858,25.0,여성,2575534.087345118,11,1034431.0073075349
859,56.0,남성,3419476.371280469,18,911289.7808957516
860,43.0,남성,3398295.61763121,3,322235.2502118661
861,51.0,여성,6425461.387960363,1,1182125.1061114946
862,20.0,남성,7565920.058872888,11,1113229.5155567233
863,67.0,남성,4843326.172193793,16,787105.5785426009
864,29.0,남성,4746767.415214984,18,1235552.8999312436
865,18.0,여성,5105078.244669772,16,313000.22628834704
866,61.0,여성,6742817.453912286,10,865498.6120584456
867,22.0,여성,3608970.2987141386,18,1013063.7364678944
868,47.0,여성,5357553.474102178,6,132536.18393246888
869,47.0,여성,6462796.444673644,19,971451.6945819733
870,34.0,여성,5751641.254909768,4,1366822.5733406479
871,65.0,여성,5284372.424898115,13,848384.5379785661
872,64.0,남성,6501569.138850711,14,982942.5487428278
873,40.0,남성,945151.5605011443,3,1281172.0196170835
874,32.0,여성,6016812.979296361,10,806099.9455668636
875,54.0,남성,4018886.4753088644,6,851101.3002278556
876,38.0,남성,2254050.6547153145,1,411648.24273376644
877,31.0,여성,5766803.899287472,14,992531.6113396174
878,19.0,남성,7060487.817744437,8,832575.7581976098
879,28.0,남성,4793827.228058462,19,1249544.8975266614
880,68.0,남성,6429311.820804408,14,1281729.9770916195
881,56.0,남성,7418417.386982968,10,1395604.5195064405
882,55.0,남성,6972371.6803760715,17,745869.8245524345
883,51.0,여성,7459946.79405709,9,88290.542812058
884,55.0,여성,6113191.236607838,6,1370819.8732323872
885,67.0,여성,5113150.458352389,11,1215560.4820487045
886,51.0,남성,2597051.282154247,7,682354.1976569551
887,35.0,여성,4630906.267805077,17,1277470.0997836685
888,47.0,남성,3735130.1070257127,1,275705.0987418792
889,32.0,남성,8256414.076246721,5,1515120.1064351376
890,44.0,남성,4736171.2813514955,9,833187.724102975
891,68.0,남성,5184807.210176729,18,585536.1934975523
892,51.0,여성,5827228.064060701,2,689149.2218805561
893,69.0,여성,5065403.669558681,11,884257.5069998938
894,55.0,남성,7542576.56064613,6,993993.9633502684
895,50.0,여성,4066025.957398322,8,1024140.1401997034
896,41.0,남성,5291911.182855864,4,785196.2780209379
897,32.0,여성,3886294.1214529276,18,1100119.7867307395
898,47.0,여성,3019966.233168941,11,1004139.6371667169
899,59.0,남성,4082346.363642072,5,676213.5022128006
900,68.0,여성,4944444.804427382,15,600904.687789368
901,34.0,남성,4356046.66322411,18,1304182.7714474187
902,22.0,여성,3961368.530189216,2,1262163.0179989527
903,46.0,남성,2890523.804492249,11,1028568.1775806317
904,21.0,남성,,13,1462097.7329951008
905,27.0,여성,2742919.4389534965,4,19336.171916182735
906,34.0,여성,6140083.945534404,7,717802.6792466484
907,27.0,남성,,11,421841.4438326779
908,34.0,여성,2813672.750802604,4,2128136.1325689256
909,37.0,여성,4536186.384425205,15,1356609.9101979933
910,41.0,남성,3871765.391614125,1,960469.0081708621
911,22.0,남성,5478761.765628771,3,1392495.289423078
912,51.0,여성,7010675.669034717,14,1558137.8318775576
913,23.0,남성,2187241.2955313832,6,1552815.8457620353
914,19.0,남성,5172539.118721126,18,1460851.7425501766
915,30.0,남성,4759800.80665004,1,868729.8383589692
916,60.0,여성,6007010.114675699,6,749317.2902580239
917,60.0,여성,5319794.942356533,6,518905.41000965744
918,65.0,남성,3872046.0023917714,16,1251223.6333645037
919,28.0,여성,4521419.096500073,5,920532.1323356094
920,68.0,남성,3805961.214794766,17,790764.4847414021
921,,여성,6614010.707897898,10,764669.3191360987
922,40.0,남성,5031967.473007914,18,1725096.3153173442
923,33.0,남성,7851786.028629512,7,1476340.2064208356
924,48.0,여성,4909008.779278069,3,1915196.9280640827
925,28.0,남성,3937389.8496343056,13,1264508.1499460544
926,33.0,여성,2729428.4110807595,15,1028477.220127449
927,25.0,여성,2295290.4856160823,19,987298.7746275376
928,21.0,남성,2623796.0854917653,3,489849.22636926355
929,57.0,남성,5400689.976517225,4,369290.5041242996
930,21.0,여성,,5,1253670.5109464373
931,42.0,남성,2628213.9469518,1,532660.6447583726
932,20.0,남성,6342557.4711141735,4,1105728.876933618
933,49.0,남성,4275408.422474841,12,1557733.3415476058
934,20.0,남성,5220189.517978324,10,667273.0334845518
935,,남성,7418330.942383137,13,2005240.8172957888
936,46.0,여성,6345258.973798297,14,504652.4395279503
937,49.0,여성,,5,1495097.378244923
938,67.0,남성,3663211.6618770687,4,1212378.090566181
939,68.0,남성,1772276.8980060425,14,1597047.6249730755
940,36.0,남성,,10,441901.1943201552
941,38.0,여성,4683304.641758459,17,2153510.458476805
942,22.0,남성,3519230.7092732238,10,910612.4581085471
943,35.0,여성,4803114.549361543,7,1338323.9696496408
944,45.0,여성,5115277.824438152,16,1722243.7444732506
945,59.0,여성,4662716.027287882,1,697668.9662523922
946,39.0,남성,4024996.1287648105,17,1412863.1814735893
947,38.0,여성,5252982.007950092,9,614265.1773892536
948,23.0,남성,5662910.974354113,6,1698480.7902289196
949,18.0,여성,,19,619909.634385633
950,22.0,남성,,13,1019253.4912478796
951,58.0,여성,4852117.801573607,3,1153060.35050598
952,29.0,남성,5028274.434417271,7,1392149.8848613077
953,43.0,여성,6062321.634884836,9,1984238.1542132725
954,63.0,남성,5349824.196895253,5,774015.5051927553
955,51.0,남성,6429704.950869868,10,1569367.3871368032
956,66.0,남성,,17,1985129.2243170685
957,31.0,남성,4081343.938039343,12,1082866.6804324586
958,43.0,여성,5542255.287809152,16,724933.6249398543
959,62.0,여성,3284410.6890190076,3,134983.1302823542
960,44.0,남성,5162839.558664785,9,1941637.8837055312
961,26.0,여성,4950155.014033309,15,877777.8350378182
962,43.0,남성,4687824.71409119,5,499320.75038472447
963,64.0,남성,4807193.732841603,13,320834.9578951186
964,39.0,여성,2177226.4317535413,14,498392.90480497933
965,64.0,남성,4176912.638388558,15,1459852.6466135825
966,47.0,남성,5139267.351711672,16,1528934.2638373692
967,60.0,여성,5239784.587996101,13,1326060.935727768
968,65.0,남성,3458487.288611063,17,1066168.9136766822
969,34.0,남성,6898561.761297051,8,377239.7052493321
970,43.0,남성,3700737.7276782487,2,635029.5270489763
971,53.0,남성,6454185.800790105,5,446690.2946593623
972,18.0,여성,5640791.542807527,6,1286410.5027631326
973,25.0,여성,4030659.0352342953,12,468343.7605691479
974,66.0,여성,7662966.338914268,18,642876.9444732037
975,52.0,남성,3209544.75236528,1,908256.3785007464
976,69.0,남성,6378731.260415003,17,165099.92345182644
977,32.0,여성,,11,1023385.7154204232
978,64.0,남성,3994069.6863850327,10,946423.5594822317
979,39.0,남성,7088697.950096494,19,1592104.5729808453
980,31.0,남성,4624930.228101571,14,590067.227483124
981,43.0,남성,5433040.443919785,10,350402.24084383226
982,45.0,여성,5390482.758156831,15,812970.1752043576
983,40.0,여성,4798536.887794178,19,450954.3532819919
984,31.0,여성,6216212.409739673,4,1019577.2959065622
985,41.0,남성,6190233.080828319,2,70032.56908669695
986,19.0,여성,2377202.040142729,9,697327.2983113592
987,62.0,여성,6956510.364317229,10,535814.1650888901
988,43.0,남성,2506262.0179464887,11,1283878.5385430343
989,31.0,남성,6548819.306512486,14,594717.6451873174
990,68.0,여성,6690057.705241375,7,131952.1207007505
991,24.0,여성,3363550.3546772026,15,899089.9515327258
992,20.0,여성,4383778.5680681225,19,1159943.0701372544
993,64.0,여성,3341442.9972710963,15,864397.4033696371
994,40.0,남성,,8,694338.6103904461
995,63.0,여성,4537948.573721388,11,664218.9497078687
996,60.0,여성,6169490.79840401,9,1056474.0162210169
997,64.0,남성,6965463.119179413,15,555275.625380226
998,62.0,여성,7093525.716184935,1,835758.5142947332
999,35.0,남성,4156747.9601325467,1,1375223.2854436869
1000,55.0,남성,4686167.189383209,19,349338.46054717735
